Date,Open,High,Low,Close,Adj Close,Volume,Daily_Return,MA_20,MA_200,Volatility_20,Close_Ratio,Extreme_Movement
2020-10-19,537.070007,541.799988,525.380005,530.719971,530.719971,7567500,,,,,,False
2020-10-20,528.140015,533.780029,522.26001,525.419983,525.419983,10047200,-0.9986411459161015,,,,0.990013588540839,False
2020-10-21,501.029999,506.850006,488.25,489.049988,489.049988,17405700,-6.922080654857776,,,,0.9307791934514222,False
2020-10-22,494.690002,495.140015,482.0,485.230011,485.230011,6997900,-0.7811015425277956,,,,0.992188984574722,False
2020-10-23,488.109985,490.059998,481.350006,488.279999,488.279999,4927900,0.6285654083337366,,,,1.0062856540833374,False
2020-10-26,487.029999,496.820007,478.899994,488.23999,488.23999,6186100,-0.008193864193073441,,,,0.9999180613580693,False
2020-10-27,490.01001,490.48999,482.929993,488.929993,488.929993,3627200,0.14132455639286334,,,,1.0014132455639286,False
2020-10-28,486.359985,494.0,483.279999,486.23999,486.23999,5992700,-0.5501816289679051,,,,0.994498183710321,False
2020-10-29,488.5,513.900024,479.339996,504.209991,504.209991,11120700,3.6957061059498697,,,,1.0369570610594987,False
2020-10-30,502.01001,505.880005,472.209991,475.73999,475.73999,7807900,-5.646457132579908,,,,0.9435354286742009,False
2020-11-02,478.869995,486.299988,475.0,484.119995,484.119995,4408200,1.761467435184505,,,,1.017614674351845,False
2020-11-03,484.929993,495.309998,478.76001,487.220001,487.220001,3690200,0.6403383524780981,,,,1.006403383524781,False
2020-11-04,495.359985,507.730011,493.980011,496.950012,496.950012,5137300,1.9970467099112321,,,,1.0199704670991123,False
2020-11-05,506.559998,518.72998,503.450012,513.76001,513.76001,5372800,3.382633583677208,,,,1.033826335836772,False
2020-11-06,515.0,515.210022,502.51001,514.72998,514.72998,4236300,0.18879826789164333,,,,1.0018879826789164,False
2020-11-09,485.540009,495.850006,467.26001,470.5,470.5,10419700,-8.592850954591757,,,,0.9140714904540824,False
2020-11-10,470.950012,484.600006,463.410004,480.23999,480.23999,8306100,2.0701360255047874,,,,1.0207013602550479,False
2020-11-11,483.0,491.679993,478.26001,490.76001,490.76001,5460500,2.190575591174748,,,,1.0219057559117475,False
2020-11-12,491.0,496.519989,480.429993,486.769989,486.769989,5063700,-0.8130289588998973,,,,0.991869710411001,False
2020-11-13,486.769989,488.940002,477.799988,482.839996,482.839996,3002700,-0.8073614004169838,493.49749445,,,0.9919263859958302,False
2020-11-16,480.0,485.579987,477.299988,479.100006,479.100006,3953600,-0.7745816483686663,490.9164962,,3.206604635041005,0.9922541835163133,False
2020-11-17,480.119995,487.51001,478.850006,480.630005,480.630005,3698100,0.3193485662364992,488.6769972999999,,3.208492587348442,1.003193485662365,False
2020-11-18,481.950012,488.609985,477.720001,481.790009,481.790009,3629200,0.24135072465982788,488.3139983499999,,2.8173904627881496,1.0024135072465983,False
2020-11-19,482.0,487.799988,480.470001,484.670013,484.670013,2254700,0.5977716320804793,488.28599844999997,,2.815063144723493,1.0059777163208048,False
2020-11-20,485.220001,494.76001,481.570007,488.23999,488.23999,4253400,0.7365788896042114,488.283998,,2.8163689334492092,1.0073657888960421,False
2020-11-23,490.459991,491.149994,475.839996,476.619995,476.619995,5416600,-2.379976085121571,487.70299825,,2.867902442240181,0.9762002391487843,False
2020-11-24,478.839996,484.049988,475.890015,482.880005,482.880005,3550500,1.3134174112858998,487.40049884999996,,2.8845917429892958,1.013134174112859,False
2020-11-25,485.130005,486.899994,478.920013,485.0,485.0,3598600,0.4390314318357458,487.33849935,,2.883529511243366,1.0043903143183575,False
2020-11-27,486.579987,493.25,481.850006,491.359985,491.359985,2805800,1.3113371134020557,486.69599904999995,,2.771003223919525,1.0131133711340206,False
2020-11-30,490.079987,492.549988,481.269989,490.700012,490.700012,3530900,-0.13431557720353648,487.44400015,,2.444249366533498,0.9986568442279646,False
2020-12-01,492.339996,509.470001,491.980011,504.579987,504.579987,5052700,2.828607022736329,488.46699975,,2.4916758710118287,1.0282860702273633,False
2020-12-02,501.619995,506.799988,493.5,503.380005,503.380005,3028400,-0.2378179933640645,489.27499995,,2.491945354005853,0.9976218200663594,False
2020-12-03,502.98999,508.769989,496.040009,497.519989,497.519989,2826100,-1.1641336449190076,489.30349879999994,,2.47172318667079,0.9883586635508099,False
2020-12-04,497.5,504.5,493.640015,498.309998,498.309998,3666200,0.15878939891196264,488.5309982,,2.3437813887032695,1.0015878939891196,False
2020-12-07,500.01001,517.76001,497.769989,515.780029,515.780029,4289300,3.505856007328201,488.58350064999996,,2.480557835546842,1.035058560073282,False
2020-12-08,517.900024,521.48999,505.549988,512.659973,512.659973,4229000,-0.6049198930887623,490.6914992999999,,1.4437278859636669,0.9939508010691124,False
2020-12-09,510.529999,514.5,491.290009,493.600006,493.600006,4178800,-3.7178574501270933,491.3595001,,1.6631630476152437,0.9628214254987291,False
2020-12-10,494.559998,503.769989,492.910004,501.089996,501.089996,3018200,1.5174209702096375,491.8759994,,1.6261017859484905,1.0151742097020964,False
2020-12-11,495.0,503.339996,494.850006,503.220001,503.220001,3210900,0.42507434133649546,492.69849999999997,,1.612350350377136,1.004250743413365,False
2020-12-14,505.440002,524.159973,501.179993,522.419983,522.419983,5770400,3.8154250550148427,494.67749935,,1.785599110059975,1.0381542505501484,False
2020-12-15,518.5,524.700012,513.559998,519.780029,519.780029,3394900,-0.5053317418755809,496.71150049999994,,1.7771945656093846,0.9949466825812442,False
2020-12-16,520.109985,527.380005,517.690002,524.830017,524.830017,3682400,0.9715625299639985,498.9215011,,1.7811665179631357,1.00971562529964,False
2020-12-17,529.0,535.48999,526.440002,532.900024,532.900024,3193400,1.5376420438238725,501.47700185,,1.7964681997487049,1.0153764204382387,False
2020-12-18,533.200012,536.369995,526.02002,534.450012,534.450012,4502700,0.29085905989749694,503.96600179999996,,1.7970860019817,1.002908590598975,False
2020-12-21,530.049988,532.619995,521.150024,528.909973,528.909973,3894000,-1.0365869352810475,505.99950094999997,,1.8285424863734685,0.9896341306471895,False
2020-12-22,527.690002,530.400024,520.5,527.330017,527.330017,1906600,-0.2987192680520723,508.53500205,,1.716814885710604,0.9970128073194793,False
2020-12-23,524.76001,526.320007,514.200012,514.47998,514.47998,2393200,-2.436811216077628,510.11500079999996,,1.8269528431627506,0.9756318878392237,False
2020-12-24,515.119995,519.349976,512.210022,513.969971,513.969971,1144000,-0.09913097104380375,511.56349935,,1.8292746013130594,0.999008690289562,False
2020-12-28,516.429993,523.659973,507.130005,519.119995,519.119995,2891900,1.002008734086135,512.95149985,,1.8216219199398305,1.0100200873408614,False
2020-12-29,519.900024,536.549988,515.47998,530.869995,530.869995,4022400,2.2634458532077906,514.9599989999999,,1.8704147981924149,1.022634458532078,False
2020-12-30,530.130005,533.26001,523.690002,524.590027,524.590027,1876300,-1.1829577974170613,515.960501,,1.811657737183252,0.9881704220258294,False
2020-12-31,525.530029,545.5,523.150024,540.72998,540.72998,5392300,3.0766793437344564,517.82799975,,1.9170525770590323,1.0307667934373446,False
2021-01-04,539.0,540.799988,515.090027,522.859985,522.859985,4444400,-3.304790868077978,519.09499955,,2.0618521229192743,0.9669520913192202,False
2021-01-05,521.549988,526.780029,515.890015,520.799988,520.799988,3133900,-0.3939863556397527,520.21949905,,2.067103826153626,0.9960601364436025,False
2021-01-06,511.970001,513.099976,499.5,500.48999,500.48999,5346200,-3.89976929108532,519.4549971,,2.1142820433429015,0.9610023070891468,False
2021-01-07,508.279999,516.440002,506.420013,508.890015,508.890015,3686400,1.6783602405314957,519.2664992,,2.148599731851134,1.016783602405315,False
2021-01-08,511.309998,513.23999,504.51001,510.399994,510.399994,2973900,0.29672010758552414,520.1064986,,1.9640491421061113,1.0029672010758552,False
2021-01-11,507.839996,510.730011,497.950012,499.100006,499.100006,3806200,-2.21394751818903,520.0069990999999,,2.007644933947705,0.9778605248181097,False
2021-01-12,500.0,501.089996,485.670013,494.25,494.25,5990400,-0.9717503389491067,519.5584990499999,,2.016330550338442,0.9902824966105089,False
2021-01-13,495.5,512.349976,493.01001,507.790009,507.790009,5032100,2.7395061203844273,518.8270003499999,,1.9192091783428533,1.0273950612038443,False
2021-01-14,507.350006,514.5,499.579987,500.859985,500.859985,4177400,-1.3647420936161003,517.8809981500001,,1.937719900375474,0.986352579063839,False
2021-01-15,500.0,506.320007,495.100006,497.980011,497.980011,5895800,-0.5750058072616859,516.53849785,,1.9206628395321812,0.9942499419273831,False
2021-01-19,501.0,509.25,493.540009,501.769989,501.769989,12315800,0.7610703072979508,514.9819961000001,,1.8903456399821617,1.0076107030729795,False
2021-01-20,565.419983,593.289978,556.859985,586.340027,586.340027,32637500,16.854343594471132,517.57649685,,4.276941371168586,1.1685434359447113,True
2021-01-21,582.450012,588.75,570.400024,579.840027,579.840027,11802100,-1.1085717673509632,520.12299955,,4.278372181641491,0.9889142823264904,False
2021-01-22,582.099976,583.98999,564.349976,565.169983,565.169983,7550800,-2.5300157486368158,522.0149978500001,,4.330202452882872,0.9746998425136318,False
2021-01-25,567.0,569.75,548.650024,556.780029,556.780029,7207300,-1.4845009912707985,524.1300003,,4.3021699855923226,0.985154990087292,False
2021-01-26,554.72998,567.98999,554.059998,561.929993,561.929993,5023800,0.9249548711812716,526.5280014,,4.3010443075690565,1.0092495487118127,False
2021-01-27,550.710022,556.419983,515.72998,523.280029,523.280029,8670300,-6.878074578944915,526.7360031000001,,4.605526927069312,0.9312192542105509,False
2021-01-28,535.880005,553.150024,530.73999,538.599976,538.599976,5969000,2.9276766073562444,527.12250215,,4.624046152991775,1.0292767660735624,False
2021-01-29,538.0,541.0,530.179993,532.390015,532.390015,4325300,-1.1529820417221948,527.51250155,,4.623590207417247,0.988470179582778,False
2021-02-01,536.789978,545.059998,531.72998,539.039978,539.039978,3547500,1.249077332902293,527.42800145,,4.580963571715838,1.012490773329023,False
2021-02-02,542.01001,555.47998,538.929993,548.159973,548.159973,3767600,1.6918958467306844,528.6930008500001,,4.522665559406971,1.0169189584673068,False
2021-02-03,550.169983,550.47998,538.23999,539.450012,539.450012,3172300,-1.5889450943183059,529.62550205,,4.540556569702239,0.9841105490568169,False
2021-02-04,539.809998,559.47998,537.51001,552.159973,552.159973,5164500,2.35609615669079,532.2090012,,4.4529849112123605,1.023560961566908,False
2021-02-05,552.26001,554.440002,545.47998,550.789978,550.789978,2376200,-0.24811559457245114,534.30399935,,4.448822336675675,0.9975188440542755,False
2021-02-08,555.0,555.0,543.700012,547.919983,547.919983,2791700,-0.5210688492229609,536.1799988,,4.454391196330263,0.9947893115077704,False
2021-02-09,546.0,566.0,543.0,559.070007,559.070007,3703500,2.034973051895439,539.1784988500001,,4.4221918090306405,1.0203497305189544,False
2021-02-10,562.5,566.650024,553.460022,563.590027,563.590027,3991300,0.8084890878433226,542.6455002,,4.405593278773426,1.0080848908784332,False
2021-02-11,564.440002,565.929993,554.219971,557.590027,557.590027,2730600,-1.0646036502700573,545.1355011,,4.3970524822862584,0.9893539634972994,False
2021-02-12,556.940002,561.25,550.849976,556.52002,556.52002,2197100,-0.1918985182997046,547.91850285,,4.377886739414926,0.998081014817003,False
2021-02-16,557.289978,563.630005,552.72998,557.280029,557.280029,2624100,0.13656453904389299,550.88350375,,4.370607141673801,1.001365645390439,False
2021-02-17,550.98999,555.25,543.030029,551.340027,551.340027,2069600,-1.0658917762868647,553.36200565,,4.387198298501109,0.9893410822371314,False
2021-02-18,549.0,550.0,538.22998,548.219971,548.219971,2456200,-0.5659041330587034,551.45600285,,2.130027212040852,0.994340958669413,False
2021-02-19,548.0,548.98999,538.809998,540.219971,540.219971,2841500,-1.459268254202295,549.4750000500001,,2.138343792085105,0.985407317457977,False
2021-02-22,534.98999,541.789978,530.789978,533.780029,533.780029,3078600,-1.1920962470304497,547.9055023499999,,2.086224121483205,0.9880790375296955,False
2021-02-23,525.0,548.539978,518.280029,546.150024,546.150024,4136500,2.31743308627983,547.3740021,,2.1416558613290184,1.0231743308627983,False
2021-02-24,539.799988,556.849976,539.070007,553.409973,553.409973,3245000,1.3292957394432037,546.9480010999999,,2.153459010875007,1.013292957394432,False
2021-02-25,550.27002,556.47998,535.75,546.700012,546.700012,4252900,-1.2124756197698705,548.11900025,,1.4739482766740606,0.9878752438023013,False
2021-02-26,546.51001,553.090027,538.0,538.849976,538.849976,3755600,-1.43589460905299,548.13150025,,1.3730206526362612,0.9856410539094701,False
2021-03-01,545.570007,552.140015,542.0,550.640015,550.640015,3041400,2.1880002830323875,549.04400025,,1.4261345013305529,1.0218800028303239,False
2021-03-02,553.340027,556.98999,546.02002,547.820007,547.820007,3042200,-0.512132776983143,549.4830016999999,,1.4108286773572756,0.9948786722301686,False
2021-03-03,545.929993,548.01001,517.809998,520.700012,520.700012,5362400,-4.950530220412341,548.11000365,,1.7540337665265526,0.9504946977958766,False
2021-03-04,521.5,531.5,507.679993,511.290009,511.290009,5034800,-1.807183173254856,546.7020035,,1.763508087846699,0.9819281682674514,False
2021-03-05,511.980011,517.76001,498.790009,516.390015,516.390015,5070000,0.997478125961182,544.9135056,,1.6820067916893924,1.0099747812596118,False
2021-03-08,514.460022,518.840027,492.850006,493.329987,493.329987,3981800,-4.465622364909583,542.04050605,,1.9199668993839796,0.9553437763509042,False
2021-03-09,507.309998,513.109985,503.820007,506.440002,506.440002,3470000,2.657453498767337,539.966507,,2.048158261052249,1.0265745349876734,False
2021-03-10,513.5,518.969971,504.25,504.540009,504.540009,3771500,-0.3751664545645461,537.2400071,,1.968392555062989,0.9962483354543545,False
2021-03-11,512.200012,530.23999,510.709991,523.059998,523.059998,4714500,3.670668067871685,535.2135056499999,,2.1624864078466572,1.0367066806787169,False
2021-03-12,512.5,526.51001,506.589996,518.02002,518.02002,3981700,-0.9635563834495153,533.2350052999999,,2.1608465967605945,0.9903644361655048,False
2021-03-15,516.320007,520.72998,508.029999,520.25,520.25,3484300,0.4304814319724404,531.4215042999999,,2.1676389178613733,1.0043048143197244,False
2021-03-16,524.469971,533.419983,523.210022,524.030029,524.030029,3238900,0.7265793368572915,529.7590043,,2.1780822642919007,1.007265793368573,False
2021-03-17,522.0,528.369995,514.299988,524.440002,524.440002,2817400,0.07823463872527192,528.41400305,,2.171491918719483,1.0007823463872527,False
2021-03-18,516.400024,517.900024,503.850006,504.790009,504.790009,4094500,-3.7468524378504675,526.24250495,,2.309698220883244,0.9625314756214953,False
2021-03-19,504.959991,513.190002,501.630005,512.179993,512.179993,4386400,1.4639719226297032,524.84050605,,2.330621590987285,1.014639719226297,False
2021-03-22,509.130005,529.309998,509.130005,523.109985,523.109985,3360600,2.1340138524309937,524.30700385,,2.37731697247412,1.02134013852431,False
2021-03-23,529.869995,543.119995,529.400024,535.090027,535.090027,5583500,2.2901573939560604,523.754004,,2.3758804017885717,1.0229015739395606,False
2021-03-24,533.780029,534.419983,520.0,520.809998,520.809998,4102200,-2.668715221635032,522.12400525,,2.4192889586826234,0.9733128477836497,False
2021-03-25,516.98999,518.530029,497.0,502.859985,502.859985,4926800,-3.4465569149845665,519.9320038999999,,2.5145506592284925,0.9655344308501543,False
2021-03-26,502.820007,508.720001,496.679993,508.049988,508.049988,3467800,1.0320970359174675,518.3920045,,2.520904715959717,1.0103209703591747,False
2021-03-29,505.660004,518.0,504.399994,513.950012,513.950012,3330000,1.1613077727304244,516.55750435,,2.4784551567706288,1.0116130777273042,False
2021-03-30,510.51001,514.409973,506.910004,513.390015,513.390015,2418100,-0.10895942930730929,514.83600475,,2.4784043703495757,0.9989104057069269,False
2021-03-31,515.669983,528.130005,515.440002,521.659973,521.659973,3503100,1.6108529107252023,514.8840028,,2.253732577552085,1.016108529107252,False
2021-04-01,529.929993,540.5,527.030029,539.419983,539.419983,3938600,3.4045184448146193,516.2905014999999,,2.3297176578205905,1.0340451844481462,False
2021-04-05,540.01001,542.849976,529.22998,540.669983,540.669983,3355900,0.2317303843747398,517.5044998999999,,2.3238348878907926,1.0023173038437474,False
2021-04-06,544.809998,554.169983,543.299988,544.530029,544.530029,3474200,0.7139375444114471,520.064502,,2.041417229166209,1.0071393754441145,False
2021-04-07,543.5,549.640015,541.450012,546.98999,546.98999,2151300,0.4517585567351823,522.0920014000001,,1.9781716838549013,1.0045175855673518,False
2021-04-08,551.130005,556.900024,547.570007,554.580017,554.580017,4309800,1.387598884579222,524.5940017999999,,1.9808723356029418,1.0138759888457922,False
2021-04-09,552.690002,556.900024,547.109985,555.309998,555.309998,2894000,0.13162771423838038,526.2065018000001,,1.8347184163924626,1.0013162771423838,False
2021-04-12,551.049988,557.97998,549.580017,552.780029,552.780029,2944100,-0.4555957949815115,527.94450225,,1.8195304373928909,0.9954440420501849,False
2021-04-13,557.0,559.75,550.299988,553.72998,553.72998,2720300,0.1718497322919621,529.61850125,,1.8197808745658177,1.0017184973229196,False
2021-04-14,554.869995,554.869995,538.530029,540.02002,540.02002,3740300,-2.475928791141113,530.4180008,,1.9209637572446745,0.9752407120885889,False
2021-04-15,544.169983,553.48999,542.659973,549.219971,549.219971,3139100,1.7036314690703325,531.65699925,,1.9511099870308024,1.0170363146907033,False
2021-04-16,550.539978,551.97998,539.51001,546.539978,546.539978,3209100,-0.4879635012398298,533.7444977,,1.7224971732768664,0.9951203649876017,False
2021-04-19,546.900024,556.440002,545.530029,554.440002,554.440002,4288700,1.4454613235996394,535.85749815,,1.7219072022452961,1.0144546132359964,False
2021-04-20,554.419983,563.559998,546.299988,549.570007,549.570007,11257600,-0.8783628494395734,537.18049925,,1.6948270903413056,0.9912163715056043,False
2021-04-21,508.0,515.460022,503.600006,508.899994,508.899994,22897400,-7.400333439230067,535.8709976,,2.344694197440246,0.9259966656076993,False
2021-04-22,513.820007,513.960022,500.549988,508.779999,508.779999,9061100,-0.023579288939823417,535.26949765,,2.273032742034805,0.9997642071106018,False
2021-04-23,509.01001,509.700012,500.700012,505.549988,505.549988,7307700,-0.6348541621817971,535.4039978000001,,2.137517961439519,0.993651458378182,False
2021-04-26,506.76001,510.480011,503.0,510.299988,510.299988,4388800,0.9395707868160352,535.5164978,,2.1353773672953156,1.0093957078681604,False
2021-04-27,512.619995,512.98999,504.579987,505.549988,505.549988,3761300,-0.9308250267879736,535.0964966,,2.1290185475094296,0.9906917497321203,False
2021-04-28,505.200012,508.399994,503.339996,506.519989,506.519989,3193000,0.19187044269102227,534.7529953000001,,2.129718446394999,1.0019187044269102,False
2021-04-29,507.600006,509.290009,499.0,509.0,509.0,5127800,0.48961759730274945,534.1199966500001,,2.098358769467508,1.0048961759730275,False
2021-04-30,505.0,514.549988,505.0,513.469971,513.469971,4413200,0.8781868369351686,532.82249605,,1.9467791480029961,1.0087818683693517,False
2021-05-03,512.650024,518.950012,505.200012,509.109985,509.109985,4091900,-0.8491219051250054,531.24449615,,1.9483606619586324,0.99150878094875,False
2021-05-04,510.779999,511.630005,496.790009,503.179993,503.179993,4349500,-1.1647762123541905,529.17699435,,1.9431201938221925,0.9883522378764581,False
2021-05-05,504.98999,507.779999,494.630005,496.079987,496.079987,3129400,-1.4110270874780229,526.6314942,,1.9460220633681928,0.9858897291252198,False
2021-05-06,495.98999,499.549988,491.369995,499.549988,499.549988,3783700,0.6994841741116087,523.87999275,,1.9173479655798877,1.006994841741116,False
2021-05-07,504.619995,508.549988,501.119995,503.839996,503.839996,3132800,0.8587745176765083,521.30649265,,1.9368118028936891,1.008587745176765,False
2021-05-10,502.0,503.149994,486.109985,486.690002,486.690002,5131600,-3.40385720390487,518.0019913,,2.0450934780555117,0.9659614279609513,False
2021-05-11,479.75,497.98999,478.630005,495.079987,495.079987,4401000,1.7238868613536962,515.06949165,,2.1050539723499915,1.017238868613537,False
2021-05-12,486.829987,493.540009,482.700012,484.980011,484.980011,4121500,-2.0400695372887356,512.3174912000001,,2.086089735374389,0.9795993046271126,False
2021-05-13,489.130005,490.779999,482.709991,486.660004,486.660004,2712500,0.34640458614696445,509.18949284999997,,2.031488977044982,1.0034640458614696,False
2021-05-14,487.859985,494.850006,486.589996,493.369995,493.369995,2882500,1.3787841500942477,506.5309937,,2.0784070987758905,1.0137878415009425,False
2021-05-17,485.589996,492.709991,482.809998,488.940002,488.940002,2705200,-0.8979048269848744,503.2559937,,2.0290667141596166,0.9910209517301513,False
2021-05-18,488.399994,493.480011,486.190002,486.279999,486.279999,2350500,-0.5440346441525135,500.0914933,,2.0280852281180537,0.9945596535584749,False
2021-05-19,481.630005,488.570007,478.540009,487.700012,487.700012,3349900,0.29201550607060867,499.0314942,,1.2478064055101403,1.002920155060706,False
2021-05-20,489.549988,502.700012,488.980011,501.670013,501.670013,3721200,2.8644659947229867,498.67599490000003,,1.424512538509563,1.0286446599472299,False
2021-05-21,503.119995,505.399994,497.26001,497.890015,497.890015,3322900,-0.753482947365236,498.29299624999993,,1.4272734782938221,0.9924651705263476,False
2021-05-24,501.049988,504.25,499.51001,502.899994,502.899994,2412600,1.0062421115233589,497.92299655000005,,1.4298227825163181,1.0100624211152336,False
2021-05-25,506.0,506.369995,499.220001,501.339996,501.339996,2699500,-0.31020044116365497,497.71249694999995,,1.4166775939911516,0.9968979955883635,False
2021-05-26,502.339996,504.140015,500.5,502.359985,502.359985,2465300,0.20345254879685637,497.50449675,,1.4167763893996523,1.0020345254879686,False
2021-05-27,501.799988,505.100006,498.540009,503.859985,503.859985,3253800,0.2985906610376121,497.24749599999996,,1.4137178081477666,1.0029859066103761,False
2021-05-28,504.399994,511.76001,502.529999,502.809998,502.809998,2910300,-0.2083886459052664,496.71449735,,1.397309257302869,0.9979161135409473,False
2021-06-01,504.01001,505.410004,497.73999,499.079987,499.079987,2482600,-0.7418331009400481,496.21299745,,1.3944669456275678,0.9925816689905995,False
2021-06-02,499.820007,503.220001,495.820007,499.23999,499.23999,2269000,0.032059590480026934,496.0159973,,1.371414420680788,1.0003205959048003,False
2021-06-03,495.190002,496.660004,487.25,489.429993,489.429993,3887400,-1.9649862183516054,495.6834976,,1.4059272527674844,0.980350137816484,False
2021-06-04,492.0,501.859985,490.950012,494.73999,494.73999,3160500,1.0849349398168062,495.4429977,,1.4194348348173793,1.010849349398168,False
2021-06-07,492.920013,496.700012,490.549988,494.660004,494.660004,2791900,-0.016167280110090942,494.9839981,,1.4037127561679732,0.9998383271988991,False
2021-06-08,497.0,498.820007,489.369995,492.390015,492.390015,2374000,-0.4588988358961821,495.26899875,,1.1723666984724261,0.9954110116410382,False
2021-06-09,494.5,496.089996,484.649994,485.809998,485.809998,3055000,-1.336342492647824,494.80549929999995,,1.143781011952957,0.9866365750735218,False
2021-06-10,487.170013,490.209991,482.140015,487.269989,487.269989,4382900,0.3005271620614147,494.9199982,,1.0494153157267672,1.0030052716206141,False
2021-06-11,490.0,491.410004,487.779999,488.769989,488.769989,3124000,0.30783755081620345,495.02549745000005,,1.0488361861971869,1.003078375508162,False
2021-06-14,489.679993,503.5,486.910004,499.890015,499.890015,4400200,2.2751040878657536,495.35149844999995,,1.1259585413140372,1.0227510408786575,False
2021-06-15,501.230011,501.230011,490.399994,491.899994,491.899994,3104100,-1.5983557903232026,495.49949804999994,,1.1678189443290525,0.984016442096768,False
2021-06-16,495.0,496.459991,486.279999,492.410004,492.410004,3533200,0.10368164387495327,495.8059983,,1.1598224052916042,1.0010368164387495,False
2021-06-17,490.25,501.799988,490.149994,498.339996,498.339996,3198300,1.204279350912607,496.3379975,,1.1866818154004581,1.012042793509126,False
2021-06-18,496.399994,504.48999,495.23999,500.769989,500.769989,5197600,0.487617493980963,496.29299629999997,,1.0013436520610506,1.0048761749398096,False
2021-06-21,501.640015,502.049988,492.279999,497.0,497.0,5277300,-0.7528384453565962,496.24849555000003,,1.0013182802265126,0.992471615546434,False
2021-06-22,498.540009,513.549988,495.799988,508.820007,508.820007,5809300,2.3782710261569306,496.54449619999997,,1.114760679757192,1.0237827102615693,False
2021-06-23,508.480011,516.630005,508.200012,512.73999,512.73999,3944800,0.7704066164992751,497.1144959,,1.1218132197709807,1.0077040661649928,False
2021-06-24,517.960022,520.960022,514.400024,518.059998,518.059998,3361200,1.0375644778555237,497.89949655,,1.140489183381214,1.0103756447785552,False
2021-06-25,528.840027,533.059998,525.0,527.070007,527.070007,5299100,1.739182533834649,499.05999765000007,,1.1939320147281578,1.0173918253383465,False
2021-06-28,528.119995,533.940002,524.559998,533.030029,533.030029,2820200,1.1307837518441888,500.5709992,,1.2054200150535004,1.0113078375184419,False
2021-06-29,533.549988,536.130005,528.570007,533.5,533.5,2314600,0.08816970422504955,502.29199985,,1.1817504133130268,1.0008816970422505,False
2021-06-30,534.059998,534.380005,526.820007,528.210022,528.210022,2773400,-0.9915610121836949,503.74050145,,1.2174455055009201,0.990084389878163,False
2021-07-01,525.719971,537.039978,525.719971,533.539978,533.539978,2805400,1.0090599909140074,505.94600069999996,,1.103924659384425,1.01009059990914,False
2021-07-02,535.5,538.539978,529.390015,533.97998,533.97998,1975500,0.08246842188832648,507.90800020000006,,1.0957405762812231,1.0008246842188833,False
2021-07-06,533.0,542.859985,533.0,541.640015,541.640015,2775100,1.4345172641116566,510.25700075,,1.1154137564475493,1.0143451726411166,False
2021-07-07,544.23999,544.640015,531.659973,535.960022,535.960022,2722500,-1.0486656898862967,512.4355011,,1.148312072187602,0.989513343101137,False
2021-07-08,530.929993,535.5,529.090027,530.76001,530.76001,3269000,-0.9702238574801791,514.6830017,,1.1212529607327575,0.9902977614251982,False
2021-07-09,531.0,538.26001,528.580017,535.97998,535.97998,2777200,0.9834896943347271,517.11850125,,1.1268665098660646,1.0098348969433473,False
2021-07-12,540.299988,540.650024,532.919983,537.309998,537.309998,1780700,0.2481469550411175,519.5455016999999,,1.1274352545287265,1.0024814695504112,False
2021-07-13,535.76001,545.330017,535.76001,540.679993,540.679993,2751600,0.6271975233187455,521.5850006,,1.0467094382648992,1.0062719752331875,False
2021-07-14,541.01001,554.099976,541.01001,547.950012,547.950012,4659500,1.3446066239036991,524.3875015,,0.9540233168710711,1.013446066239037,False
2021-07-15,553.969971,557.539978,538.200012,542.950012,542.950012,5713900,-0.9124919957114619,526.9145019,,1.0045047283561366,0.9908750800428854,False
2021-07-16,541.809998,544.059998,527.049988,530.309998,530.309998,3442100,-2.32802536525224,528.513002,,1.1700328876005384,0.9767197463474776,False
2021-07-19,526.049988,534.909973,522.23999,532.280029,532.280029,3885800,0.37148667900468446,530.0885040000001,,1.1694342227037087,1.0037148667900468,False
2021-07-20,526.070007,536.640015,520.299988,531.049988,531.049988,6930400,-0.23108907585935867,531.7910034,,1.1500875190462885,0.9976891092414064,False
2021-07-21,526.130005,530.98999,505.609985,513.630005,513.630005,11906800,-3.2802906305686608,532.0315032999999,,1.3070969044500693,0.9671970936943134,False
2021-07-22,510.209991,513.679993,507.0,511.769989,511.769989,4328100,-0.36213149190923444,531.98300325,,1.298990295073277,0.9963786850809077,False
2021-07-23,512.159973,517.409973,504.660004,515.409973,515.409973,3820500,0.711253898868236,531.850502,,1.287250246754327,1.0071125389886824,False
2021-07-26,514.380005,521.130005,509.01001,516.48999,516.48999,2254500,0.20954522740677106,531.3215011499999,,1.2211135479592001,1.0020954522740677,False
2021-07-27,518.080017,521.950012,512.049988,518.909973,518.909973,2759000,0.468544027348905,530.6154983499999,,1.1948448820370408,1.004685440273489,False
2021-07-28,521.820007,524.469971,516.97998,519.299988,519.299988,2390500,0.07516043635569236,529.90549775,,1.1947249437298468,1.000751604363557,False
2021-07-29,519.960022,520.780029,513.789978,514.25,514.25,1736000,-0.9724606425371207,529.20749665,,1.1940056894108,0.9902753935746288,False
2021-07-30,512.690002,519.789978,510.959991,517.570007,517.570007,2537100,0.6456017501215383,528.4089981,,1.178469609033685,1.0064560175012154,False
2021-08-02,519.0,519.849976,510.51001,515.150024,515.150024,2096600,-0.4675663132079455,527.4675003,,1.179295444804346,0.9953243368679205,False
2021-08-03,514.390015,515.630005,505.369995,510.820007,510.820007,2579400,-0.8405351447678622,525.9264999,,1.1245634964776456,0.9915946485523214,False
2021-08-04,513.0,517.97998,510.369995,517.349976,517.349976,2039400,1.278330705633457,524.9959976,516.401949155,1.161326596031725,1.0127833070563346,False
2021-08-05,517.130005,525.409973,514.02002,524.890015,524.890015,2556700,1.45743487963359,524.70249785,516.372799375,1.1995343781045005,1.014574348796336,False
2021-08-06,524.0,526.840027,519.390015,520.549988,520.549988,1919800,-0.826845029620149,523.93099825,516.3484494,1.18577174293088,0.9917315497037985,False
2021-08-09,521.150024,522.669983,517.98999,519.969971,519.969971,1367800,-0.11142388115855661,523.0639969,516.503049315,1.1823104638195845,0.9988857611884144,False
2021-08-10,520.0,520.789978,512.969971,515.840027,515.840027,1960500,-0.7942658673264047,521.8219986,516.656099395,1.1753810382032703,0.992057341326736,False
2021-08-11,517.0,519.570007,509.769989,512.400024,512.400024,1673900,-0.6668739958017866,520.0444992,516.7766995200001,1.1183886205171742,0.9933312600419821,False
2021-08-12,511.859985,513.0,507.200012,510.720001,510.720001,1685700,-0.32787332578266826,518.43299865,516.889099575,1.1099388818994502,0.9967212667421733,False
2021-08-13,512.640015,521.440002,511.51001,515.919983,515.919983,2177700,1.0181668996354754,517.7134979,517.024049525,1.037950406095824,1.0101816689963548,False
2021-08-16,515.23999,523.380005,512.299988,517.919983,517.919983,2032800,0.38765701385905516,516.9954955999999,517.18244949,1.0383696937141977,1.0038765701385906,False
2021-08-17,515.469971,520.789978,514.200012,518.909973,518.909973,2309800,0.1911472877075715,516.38849485,517.2559494000001,1.0405280940123898,1.0019114728770757,False
2021-08-18,520.0,526.380005,518.650024,521.869995,521.869995,2582000,0.5704307402085718,516.80049435,517.486599425,0.7343086609506502,1.0057043074020857,False
2021-08-19,522.73999,548.390015,521.869995,543.710022,543.710022,7497300,4.184955488770714,518.3974959999999,517.78454956,1.1663408070955608,1.0418495548877071,False
2021-08-20,545.090027,551.390015,539.099976,546.880005,546.880005,3776400,0.5830282451552815,519.9709976,518.08284958,1.164367029949062,1.0058302824515528,False
2021-08-23,545.97998,555.549988,543.73999,553.330017,553.330017,2602000,1.1794199716627096,521.8129989500001,518.3647496049999,1.1803522445222399,1.011794199716627,False
2021-08-24,551.47998,555.309998,549.27002,553.409973,553.409973,2109500,0.014449966122120905,523.53799895,518.56299942,1.1823500835310208,1.0001444996612212,False
2021-08-25,550.159973,552.840027,545.450012,547.580017,547.580017,2065600,-1.0534605960200172,524.9520004,518.727249605,1.221386692426147,0.9894653940397998,False
2021-08-26,546.159973,552.599976,545.900024,550.119995,550.119995,1595500,0.4638551300530702,526.74550015,519.12534958,1.1860496387398134,1.0046385513005307,False
2021-08-27,551.599976,564.169983,549.25,558.919983,558.919983,3252600,1.5996488184364166,528.81299895,519.518749545,1.2175731624343458,1.0159964881843642,False
2021-08-30,557.25,567.159973,556.450012,566.179993,566.179993,2434800,1.2989354864415326,531.3644974000001,519.89584946,1.2160096814818415,1.0129893548644153,False
2021-08-31,566.119995,569.47998,561.609985,569.190002,569.190002,2431900,0.531634645733603,534.28299715,520.307949525,1.175602276795145,1.005316346457336,False
2021-09-01,569.0,591.0,569.0,582.070007,582.070007,5626200,2.262865643237344,537.5189987000001,520.8040995800001,1.2272322831125582,1.0226286564323734,False
2021-09-02,583.679993,598.76001,583.679993,588.549988,588.549988,6179900,1.113264886022547,540.7019973499999,521.35134949,1.2169186449168308,1.0111326488602255,False
2021-09-03,585.799988,591.880005,583.140015,590.530029,590.530029,2681200,0.33642698842430985,544.2009994,521.90084961,1.1731021897920066,1.003364269884243,False
2021-09-07,594.690002,613.849976,593.98999,606.710022,606.710022,5821400,2.739910284901015,548.5380019500001,522.525449675,1.2479630058997433,1.0273991028490101,False
2021-09-08,603.840027,615.599976,595.710022,606.049988,606.049988,5424500,-0.10878903859610212,553.0485000000001,523.13234955,1.211277628321076,0.998912109614039,False
2021-09-09,606.469971,609.440002,596.549988,597.539978,597.539978,2954200,-1.4041762508870792,557.3054976999999,523.67884949,1.268643587602169,0.9859582374911292,False
2021-09-10,598.159973,609.450012,593.669983,598.719971,598.719971,3950800,0.19747515537780203,561.7054962,524.28934937,1.2498168037754331,1.001974751553778,False
2021-09-13,598.570007,598.570007,582.780029,589.289978,589.289978,3062900,-1.5750256308052824,565.3739959500001,524.821399235,1.3565324179200284,0.9842497436919472,False
2021-09-14,584.890015,587.280029,575.559998,577.76001,577.76001,3457000,-1.9565864736291294,568.3659973000001,525.285199285,1.4785222388000399,0.9804341352637087,False
2021-09-15,578.169983,584.619995,575.369995,582.869995,582.869995,2755600,0.8844476792362332,571.5639984,525.742749335,1.477583974948504,1.0088444767923623,False
2021-09-16,584.299988,587.47998,577.719971,586.5,586.5,1832000,0.622781243011139,574.79549865,526.2217492750001,1.4775880058696116,1.0062278124301114,False
2021-09-17,587.849976,590.280029,580.849976,589.349976,589.349976,4145100,0.4859294117647073,577.07749635,526.64559922,1.212383637683727,1.004859294117647,False
2021-09-20,586.789978,591.530029,568.080017,575.429993,575.429993,3732200,-2.361921365378994,578.50499575,527.00584916,1.3601916056709054,0.9763807863462101,False
2021-09-21,578.309998,581.880005,569.369995,573.140015,573.140015,2250900,-0.39795944386931126,579.49549565,527.3839492899999,1.3499841536166215,0.9960204055613069,False
2021-09-22,579.690002,595.650024,579.690002,590.650024,590.650024,4021800,3.0551014659131903,581.3574982,527.84564942,1.4934015876993116,1.030551014659132,False
2021-09-23,590.789978,599.320007,589.130005,593.26001,593.26001,2526200,0.4418836695078143,583.64149785,528.2330493249999,1.4571308975532833,1.0044188366950781,False
2021-09-24,592.5,592.97998,583.640015,592.390015,592.390015,2126200,-0.14664649316241674,585.75499885,528.631699535,1.4623613071751815,0.9985335350683758,False
2021-09-27,587.950012,593.580017,576.929993,592.640015,592.640015,2504700,0.042201926715468296,587.44100045,529.12689958,1.4352660476447505,1.0004220192671547,False
2021-09-28,589.0,599.539978,580.159973,583.849976,583.849976,4431100,-1.4832003876754762,588.3244996,529.5406994800001,1.4681151930601324,0.9851679961232452,False
2021-09-29,589.01001,609.880005,588.01001,599.059998,599.059998,6221000,2.6051250535634063,589.8179994,530.019899465,1.5654313274351606,1.026051250535634,False
2021-09-30,608.049988,619.0,608.049988,610.340027,610.340027,6612600,1.8829548021331854,591.2315004,530.459499685,1.5420772255415158,1.0188295480213319,False
2021-10-01,604.23999,614.98999,597.51001,613.150024,613.150024,4090800,0.4603986099047219,592.4615022,530.92634966,1.5296718080764489,1.0046039860990472,False
2021-10-04,613.390015,626.130005,594.679993,603.349976,603.349976,4995900,-1.5983116066876413,593.10249955,531.3189494549999,1.5819399869329889,0.9840168839331236,False
2021-10-05,606.940002,640.390015,606.890015,634.809998,634.809998,9534300,5.214224455359884,594.50749835,531.8284993249999,1.8684752372686415,1.0521422445535988,False
2021-10-06,628.179993,639.869995,626.359985,639.099976,639.099976,4580400,0.6757892934131204,596.1599977499999,532.351749145,1.8689368598216198,1.0067578929341312,False
2021-10-07,642.22998,646.840027,630.450012,631.849976,631.849976,3556900,-1.1344078035139815,597.87549765,532.86644916,1.857061001546304,0.9886559219648602,False
2021-10-08,634.169983,643.799988,630.859985,632.659973,632.659973,3272100,0.128194513059543,599.57249775,533.3930989400001,1.857318489257129,1.0012819451305954,False
2021-10-11,633.200012,639.419983,626.780029,627.039978,627.039978,2862500,-0.8883120854557447,601.45999775,533.95589893,1.8270833686138002,0.9911168791454426,False
2021-10-12,633.02002,637.659973,621.98999,624.940002,624.940002,3227300,-0.3349030482391324,603.81899735,534.510749085,1.7549875225208678,0.9966509695176087,False
2021-10-13,632.179993,632.179993,622.099976,629.76001,629.76001,2420300,0.7712753199626166,606.1634981,535.06394916,1.753551194054815,1.0077127531996262,False
2021-10-14,632.22998,636.880005,626.789978,633.799988,633.799988,2671700,0.6415107240613782,608.5284975,535.578599125,1.753680297535024,1.0064151072406138,False
2021-10-15,638.0,639.419983,625.159973,628.289978,628.289978,4116900,-0.8693610136199625,610.4754976,536.0970988800001,1.7763436184737318,0.9913063898638004,False
2021-10-18,632.099976,638.409973,620.590027,637.969971,637.969971,4669100,1.5406887486592913,613.6024964999999,536.583298835,1.6759898783095275,1.015406887486593,False
2021-10-19,636.969971,641.0,632.299988,639.0,639.0,7633100,0.16145415095094595,616.89549575,537.16399891,1.6643098784356825,1.0016145415095095,False
2021-10-20,625.570007,637.400024,617.150024,625.140015,625.140015,10622000,-2.1690117370892104,618.6199952999999,537.685699045,1.6617696085338256,0.9783098826291079,False
2021-10-21,628.890015,654.01001,628.650024,653.159973,653.159973,8437100,4.4821891620551835,621.6149934499999,538.44904896,1.9076863219142586,1.0448218916205518,False
2021-10-22,651.809998,665.460022,651.809998,664.780029,664.780029,6186000,1.7790520669275667,625.23449415,539.22849903,1.921923054957169,1.0177905206692757,False
2021-10-25,663.73999,675.880005,657.070007,671.659973,671.659973,3833500,1.0349203796554018,629.18549205,540.034798925,1.9197025053591759,1.010349203796554,False
2021-10-26,673.76001,676.48999,662.77002,668.52002,668.52002,2904800,-0.4674914579136269,633.41899425,540.881898995,1.873312380329802,0.9953250854208637,False
2021-10-27,669.0,671.409973,661.849976,662.919983,662.919983,2276900,-0.8376767834118226,636.6119934999999,541.72524891,1.846619435897326,0.9916232321658818,False
2021-10-28,670.950012,676.799988,668.030029,674.049988,674.049988,2859400,1.6789364154678132,639.79749155,542.556548805,1.839264198789171,1.0167893641546781,False
2021-10-29,673.059998,690.969971,671.23999,690.309998,690.309998,3825300,2.412285481711174,643.65549025,543.5037988700001,1.8874544370316697,1.0241228548171117,False
2021-11-01,689.059998,689.969971,676.539978,681.169983,681.169983,3110900,-1.3240449981140157,647.5464906,544.41974873,1.8714862146450495,0.9867595500188598,False
2021-11-02,683.109985,687.679993,673.820007,677.719971,677.719971,3888600,-0.506483269389757,649.69198925,545.29949864,1.5411379738219952,0.9949351673061024,False
2021-11-03,677.27002,689.390015,677.27002,688.289978,688.289978,2334900,1.5596422493502127,652.15148935,545.8092483949999,1.5638174685676094,1.0155964224935021,False
2021-11-04,685.890015,685.940002,665.5,668.400024,668.400024,4865000,-2.8897637094463136,653.97899175,546.25204838,1.6970422832877383,0.9711023629055369,False
2021-11-05,663.969971,665.640015,645.01001,645.719971,645.719971,5283500,-3.393185545427213,654.6319916499999,546.6547983199999,1.8872853297747287,0.9660681445457279,False
2021-11-08,650.289978,656.0,643.789978,651.450012,651.450012,2887500,0.8873879169520205,655.85249335,547.128148235,1.8791494944198344,1.0088738791695202,False
2021-11-09,653.700012,660.5,650.52002,655.98999,655.98999,2415600,0.6969035100731658,657.40499275,547.59844822,1.8776268813571702,1.0069690351007317,False
2021-11-10,653.01001,660.330017,642.109985,646.909973,646.909973,2405800,-1.3841700541802449,658.2624909,548.21659794,1.908312080747443,0.9861582994581976,False
2021-11-11,650.23999,665.820007,649.710022,657.580017,657.580017,2868300,1.649386227656735,659.4514923500001,548.811498145,1.9350482890798704,1.0164938622765674,False
2021-11-12,660.01001,683.340027,653.820007,682.609985,682.609985,4198400,3.8063760079254383,662.1674927,549.562597995,2.0761000479718343,1.0380637600792544,False
2021-11-15,681.23999,685.26001,671.48999,679.330017,679.330017,2872200,-0.4805039586404658,664.235495,550.26404819,2.068669690540407,0.9951949604135953,False
2021-11-16,678.27002,688.359985,676.900024,687.400024,687.400024,2077400,1.1879361721182535,666.6554962,550.9602484449999,2.0768597248814866,1.0118793617211825,False
2021-11-17,690.0,700.98999,686.090027,691.690002,691.690002,2732800,0.6240875545852509,669.98299555,551.7214483949999,1.9880082713879699,1.0062408755458525,False
2021-11-18,691.609985,691.73999,679.73999,682.02002,682.02002,2012900,-1.3980225204989982,671.4259979000001,552.37074863,1.7978125141986105,0.98601977479501,False
2021-11-19,692.349976,694.159973,675.0,678.799988,678.799988,2613700,-0.4721315951986327,672.12699585,553.0107986799999,1.766031975101939,0.9952786840480137,False
2021-11-22,676.02002,679.47998,656.469971,659.200012,659.200012,2764400,-2.8874449538145774,671.5039978,553.567198825,1.873510419894229,0.9711255504618542,False
2021-11-23,658.179993,666.429993,646.049988,654.059998,654.059998,2320200,-0.7797351193009505,670.7809967000001,554.04214878,1.8782316150653848,0.9922026488069905,False
2021-11-24,658.01001,661.440002,651.099976,658.289978,658.289978,1867300,0.6467266019837048,670.54949645,554.515648535,1.8765639604832023,1.006467266019837,False
2021-11-26,675.0,676.409973,660.669983,665.640015,665.640015,2872500,1.116534847200712,670.1289978,555.055898475,1.85386918037749,1.0111653484720071,False
2021-11-29,663.200012,667.98999,658.289978,663.840027,663.840027,2529400,-0.2704146324496448,668.80549925,555.59249851,1.7613531474558048,0.9972958536755036,False
2021-11-30,668.200012,675.380005,640.01001,641.900024,641.900024,5608900,-3.3050135736994224,666.8420013000001,556.015598485,1.8806973688588648,0.9669498642630058,False
2021-12-01,649.47998,654.52002,617.070007,617.77002,617.77002,3882800,-3.759152998567261,663.8445037500001,556.34774845,2.035607833515864,0.9624084700143274,False
2021-12-02,617.099976,625.359985,612.880005,616.469971,616.469971,3331100,-0.2104422289705865,660.2535034,556.68899845,1.9817571470857427,0.9978955777102941,False
2021-12-03,622.75,625.5,594.0,602.130005,602.130005,4829300,-2.3261418519280985,656.94000245,556.99854862,1.9502017301380432,0.976738581480719,False
2021-12-06,606.01001,617.289978,601.0,612.690002,612.690002,3075700,1.75377358914377,655.288504,557.393098485,1.8872581369764059,1.0175377358914377,False
2021-12-07,619.830017,628.890015,611.400024,625.580017,625.580017,3125200,2.103839618391534,653.99500425,557.79024845,1.9444167528396548,1.0210383961839153,False
2021-12-08,630.0,632.460022,623.200012,628.080017,628.080017,2220300,0.399629133294388,652.5995055999999,558.1635986699999,1.9384524596405317,1.0039962913329439,False
2021-12-09,627.580017,630.23999,610.440002,611.0,611.0,2376300,-2.719401435756874,650.80400695,558.48509861,2.0033177998109473,0.9728059856424313,False
2021-12-10,616.780029,617.73999,605.880005,611.659973,611.659973,2748800,0.10801522094927574,648.5080047499999,558.849148595,1.954815053109539,1.0010801522094928,False
2021-12-13,612.0,612.640015,599.52002,604.559998,604.559998,2517900,-1.1607715582853895,644.6055054000001,559.11874851,1.6986341120416166,0.9883922844171461,False
2021-12-14,598.710022,602.289978,588.130005,597.98999,597.98999,2984500,-1.086742097018456,640.53850405,559.369598425,1.7019563092857546,0.9891325790298154,False
2021-12-15,598.179993,605.690002,584.51001,605.039978,605.039978,2866200,1.1789474937532018,636.42050175,559.791298255,1.7014543901504122,1.011789474937532,False
2021-12-16,597.090027,602.830017,588.0,591.059998,591.059998,3143200,-2.310587813752707,631.38900155,560.1901482,1.7148091729866481,0.9768941218624729,False
2021-12-17,591.609985,593.25,581.73999,586.72998,586.72998,4386900,-0.7325851884160128,626.62449955,560.541848025,1.708404279038594,0.9926741481158399,False
2021-12-20,586.429993,602.880005,584.26001,593.73999,593.73999,3358400,1.1947591292335247,622.37149965,561.04389804,1.7617632626711712,1.0119475912923352,False
2021-12-21,597.539978,607.820007,593.859985,604.919983,604.919983,2319400,1.8829779344995634,619.6574982,561.536297945,1.7661495396567723,1.0188297793449956,False
2021-12-22,603.359985,614.820007,602.630005,614.23999,614.23999,2335700,1.540700797116834,617.6664978,562.0847978500001,1.8163481804341624,1.0154070079711683,False
2021-12-23,616.400024,616.880005,607.570007,614.090027,614.090027,1621100,-0.02441439867828521,615.4565002500001,562.539947995,1.8041388804950984,0.9997558560132171,False
2021-12-27,615.0,615.0,609.25,613.119995,613.119995,2061500,-0.15796250669284362,612.83049925,563.0154478700001,1.7725385515306373,0.9984203749330716,False
2021-12-28,614.950012,618.409973,609.690002,610.710022,610.710022,1882800,-0.39306710263136146,610.173999,563.46774798,1.7722968051764798,0.9960693289736864,False
2021-12-29,610.710022,613.97998,604.679993,610.539978,610.539978,1287200,-0.02784365637935604,608.6059966999999,563.9002977250001,1.6359422662426815,0.9997215634362064,False
2021-12-30,612.98999,620.609985,611.23999,612.090027,612.090027,1625100,0.25388165490449754,608.3219970499999,564.33854785,1.4120275077462239,1.002538816549045,False
2021-12-31,610.01001,614.080017,602.049988,602.440002,602.440002,1995900,-1.576569552570073,607.6204986,564.826797815,1.453315371347189,0.9842343044742993,False
2022-01-03,605.609985,609.98999,590.559998,597.369995,597.369995,3067500,-0.8415787436372835,607.3824981,565.2527478249999,1.3693871392399626,0.9915842125636272,False
2022-01-04,599.909973,600.409973,581.599976,591.150024,591.150024,4393100,-1.0412258821268727,606.3054992,565.59294802,1.3193925579152739,0.9895877411787313,False
2022-01-05,592.0,592.840027,566.880005,567.52002,567.52002,4148700,-3.997293925509504,603.40249935,565.755097985,1.4633357329019545,0.960027060744905,False
2022-01-06,554.340027,563.359985,542.01001,553.289978,553.289978,5711800,-2.5074079324990173,599.6629974,565.917497885,1.5152836155651408,0.9749259206750098,False
2022-01-07,549.460022,553.429993,538.219971,541.059998,541.059998,3382900,-2.210410541721408,596.1659973,566.10849795,1.4820947978575179,0.9778958945827859,False
2022-01-10,538.48999,543.690002,526.320007,539.849976,539.849976,4486100,-0.22363915360085196,592.57549745,566.26749789,1.4756509560626936,0.9977636084639915,False
2022-01-11,536.98999,543.909973,530.070007,540.840027,540.840027,3077800,0.18339372863100944,589.3894988999999,566.401947965,1.4799474218570527,1.00183393728631,False
2022-01-12,544.27002,544.27002,532.02002,537.219971,537.219971,3787400,-0.6693395124765744,586.35099795,566.521097745,1.4748375207189361,0.9933066048752343,False
2022-01-13,537.059998,540.789978,518.26001,519.200012,519.200012,4475100,-3.354298047866122,582.05899965,566.50879794,1.5459819357808888,0.9664570195213388,False
2022-01-14,517.599976,538.369995,511.880005,525.690002,525.690002,7861100,1.2499980450693782,578.7904998500001,566.440148035,1.5618185518574863,1.0124999804506938,False
2022-01-18,520.080017,521.75,508.679993,510.799988,510.799988,4839100,-2.832470456609537,574.99400025,566.29079806,1.6416811935246454,0.9716752954339046,False
2022-01-19,515.0,523.210022,510.51001,515.859985,515.859985,4353500,0.9906024116821399,571.1,566.14744784,1.6300196340113091,1.0099060241168214,False
2022-01-20,517.75,526.640015,506.929993,508.25,508.25,12659000,-1.4752035864925683,566.26650085,565.95374789,1.520553281166565,0.9852479641350743,False
2022-01-21,400.429993,409.149994,379.98999,397.5,397.5,58904300,-21.790457452041323,555.42950135,565.168347805,4.862495583672958,0.7820954254795868,True
2022-01-24,383.910004,387.26001,351.459991,387.149994,387.149994,32346000,-2.603775094339622,544.0824997,564.327547785,4.840875806487933,0.9739622490566038,False
2022-01-25,379.140015,387.709991,365.130005,366.420013,366.420013,15145800,-5.354508929683721,531.7475006000001,563.395747705,4.86764361987336,0.9464549107031628,False
2022-01-26,378.269989,382.660004,356.619995,359.700012,359.700012,12684000,-1.8339612361729762,519.1970001,562.425597865,4.846822457020173,0.9816603876382702,False
2022-01-27,382.059998,394.799988,378.100006,386.700012,386.700012,24324700,7.5062549622600505,508.00500180000006,561.6589978249999,5.317611992151406,1.0750625496226005,False
2022-01-28,386.76001,387.0,372.079987,384.359985,384.359985,11966600,-0.6051272116329831,496.61849970000003,560.834697895,5.3009877111982036,0.9939487278836702,False
2022-01-31,401.970001,427.700012,398.200012,427.140015,427.140015,20047500,11.130198686005265,487.85350035,560.23769808,6.077803466170345,1.1113019868600527,True
2022-02-01,432.959991,458.480011,425.540009,457.130005,457.130005,22568100,7.021114610393031,480.84150085,559.751148095,6.370818895926978,1.0702111461039303,False
2022-02-02,448.25,451.980011,426.480011,429.480011,429.480011,14346000,-6.048606238393828,472.75800019999997,559.150698115,6.465217888877103,0.9395139376160617,False
2022-02-03,421.440002,429.26001,404.279999,405.600006,405.600006,9905200,-5.560213371606714,464.6619995,558.6341981749999,6.507934372338409,0.9443978662839329,False
2022-02-04,407.309998,412.769989,396.640015,410.170013,410.170013,7789800,1.1267275474349914,457.50600125,558.141148245,6.527543421230118,1.01126727547435,False
2022-02-07,410.170013,412.350006,393.549988,402.100006,402.100006,8232900,-1.967478544073864,450.55800165,557.6238983349999,6.525922675117673,0.9803252145592614,False
2022-02-08,398.179993,406.609985,395.829987,403.529999,403.529999,6818500,0.35563118096546553,443.74200279999997,557.09004839,6.532026135797022,1.0035563118096547,False
2022-02-09,408.649994,412.980011,398.790009,412.890015,412.890015,7738200,2.319534117214417,437.3445022000001,556.626748525,6.573626214523859,1.0231953411721442,False
2022-02-10,402.100006,408.0,396.359985,406.269989,406.269989,8452900,-1.6033388455761077,430.7970031,556.125498525,6.573575515362911,0.9839666115442389,False
2022-02-11,405.329987,411.609985,387.649994,391.309998,391.309998,7558900,-3.682278141396267,424.40250240000006,555.537048515,6.579726947210357,0.9631772185860373,False
2022-02-14,387.589996,409.359985,386.890015,396.570007,396.570007,7202200,1.344205112796515,417.94650265,554.9525486949999,6.581593731362746,1.0134420511279651,False
2022-02-15,403.790009,409.160004,401.01001,407.459991,407.459991,5392300,2.7460432730103124,412.77950280000005,554.4442987250001,6.625853488990664,1.0274604327301031,False
2022-02-16,401.529999,401.559998,390.380005,398.079987,398.079987,5277700,-2.3020674930511076,406.8905029,553.918798695,6.617326321765852,0.9769793250694889,False
2022-02-17,394.23999,399.109985,385.700012,386.670013,386.670013,4669200,-2.8662516008371997,400.81150355,553.371748825,6.629177101021868,0.971337483991628,False
2022-02-18,392.529999,402.869995,389.049988,391.290009,391.290009,6801700,1.1948162114138405,400.501004,552.83044893,4.514683848546878,1.0119481621141384,False
2022-02-22,388.950012,392.420013,373.019989,377.380005,377.380005,6697500,-3.5549090649028114,400.01250455,552.198148975,4.548612737983552,0.9644509093509719,False
2022-02-23,382.720001,386.0,366.660004,367.459991,367.459991,4614300,-2.6286538419013405,400.06450344999996,551.60199892,4.419740988000024,0.9737134615809866,False
2022-02-24,355.089996,390.730011,354.720001,390.029999,390.029999,7068700,6.142167461164494,401.5810028,551.0767489799999,4.592107957666282,1.061421674611645,False
2022-02-25,386.609985,391.290009,375.579987,390.799988,390.799988,4841600,0.19741789143763455,401.7860016,550.605848865,4.28611084840061,1.0019741789143763,False
2022-02-28,387.329987,397.75,382.130005,394.519989,394.519989,5035000,0.951893836803297,402.29400180000005,550.14514879,4.286044143613043,1.009518938368033,False
2022-03-01,391.600006,395.0,383.709991,386.23999,386.23999,3290400,-2.0987527199794243,400.24900055,549.609498765,3.4528100608696324,0.9790124728002058,False
2022-03-02,388.929993,389.220001,375.209991,380.029999,380.029999,5356800,-1.6078063278740284,396.39400025,549.06494875,2.977027570540844,0.9839219367212597,False
2022-03-03,386.0,386.119995,364.649994,368.070007,368.070007,6076800,-3.1471178673976197,393.32350005,548.4738987899999,2.7756338225929027,0.9685288213260238,False
2022-03-04,368.0,374.820007,357.170013,361.730011,361.730011,5325500,-1.722497318288685,391.1300003,547.8440487849999,2.5475676950137154,0.9827750268171132,False
2022-03-07,360.410004,362.0,350.200012,350.26001,350.26001,5708400,-3.17087348331736,388.13450015,547.08699877,2.5806037750667445,0.9682912651668264,False
2022-03-08,349.799988,358.859985,340.670013,341.76001,341.76001,6428700,-2.4267686168341074,385.11750035,546.306348745,2.5939701864196114,0.9757323138316589,False
2022-03-09,357.690002,364.140015,350.51001,358.790009,358.790009,6520200,4.983028587809324,382.88050085,545.58579882,2.889895767740651,1.0498302858780932,False
2022-03-10,356.200012,367.019989,353.299988,356.769989,356.769989,4807800,-0.5630089883578604,380.07449955000004,544.862948785,2.8102115013390065,0.9943699101164214,False
2022-03-11,361.190002,363.359985,340.0,340.320007,340.320007,4819900,-4.6108087863859115,376.77700044999995,544.0527488949999,2.93912230259871,0.9538919121361409,False
2022-03-14,338.720001,341.320007,329.820007,331.01001,331.01001,5907800,-2.735659616979247,373.76200105,543.18849902,2.8982993004594713,0.9726434038302075,False
2022-03-15,335.100006,345.359985,332.359985,343.75,343.75,5460600,3.8488231821146357,371.12100069999997,542.39319903,3.0458925499042553,1.0384882318211464,False
2022-03-16,348.200012,359.98999,343.059998,357.529999,357.529999,6982500,4.008726981818178,368.6245011,541.68544909,3.1322559506263032,1.0400872698181818,False
2022-03-17,359.700012,373.309998,354.880005,371.399994,371.399994,5818300,3.8793933484725596,367.29050145,541.04624911,3.2584616468084637,1.0387939334847256,False
2022-03-18,372.0,381.799988,368.470001,380.600006,380.600006,8324800,2.477116895160747,366.9870011,540.502099175,3.2557150860111306,1.0247711689516075,False
2022-03-21,378.019989,381.820007,368.940002,374.589996,374.589996,4866500,-1.5790882567668807,366.15200044999995,539.901349205,3.2599103210440776,0.9842091174323312,False
2022-03-22,371.140015,386.660004,366.76001,382.920013,382.920013,4242800,2.2237692113913354,366.42900084999997,539.34264925,3.1994368387765952,1.0222376921139134,False
2022-03-23,379.769989,382.459991,374.48999,374.48999,374.48999,3729000,-2.2015101623847455,366.78050079999997,538.7531491249999,3.1814909169925483,0.9779848983761525,False
2022-03-24,379.76001,379.76001,368.899994,375.709991,375.709991,3888500,0.32577666495172686,366.0645004,538.20264909,2.8530773869025343,1.0032577666495173,False
2022-03-25,377.070007,377.640015,366.429993,373.850006,373.850006,3574500,-0.4950587007413354,365.2170013,537.6355491749999,2.852861635894105,0.9950494129925866,False
2022-03-28,375.230011,380.279999,366.730011,378.51001,378.51001,4323400,1.2464902835925162,364.41650235,537.08424928,2.8597819413588286,1.0124649028359252,False
2022-03-29,384.390015,396.5,380.329987,391.820007,391.820007,5880700,3.5164187599688423,364.6955032,536.54389924,2.9349311971742984,1.0351641875996884,False
2022-03-30,389.549988,392.700012,378.630005,381.470001,381.470001,4023300,-2.6415205490004423,364.7675033,535.9917492750001,2.975640408313854,0.9735847945099956,False
2022-03-31,383.589996,384.0,373.609985,374.589996,374.589996,4134700,-1.803550733206949,365.09350274999997,535.402649235,2.9139333015670976,0.9819644926679305,False
2022-04-01,376.799988,380.869995,368.5,373.470001,373.470001,4644200,-0.29899223469918024,365.68050225,534.77829926,2.8835825324360456,0.9970100776530082,False
2022-04-04,373.549988,396.019989,373.130005,391.5,391.5,7001800,4.8276967230896695,367.74250175000003,534.231949315,2.9455915620391693,1.0482769672308967,False
2022-04-05,389.299988,390.0,377.309998,380.149994,380.149994,4234500,-2.899107535121326,369.66200095,533.6476992849999,2.97289570810742,0.9710089246487867,False
2022-04-06,374.149994,376.470001,362.730011,368.350006,368.350006,4354900,-3.10403477212734,370.1400008,532.94534928,2.89069146636075,0.9689596522787266,False
2022-04-07,365.0,368.540009,353.690002,362.149994,362.149994,4948900,-1.6831849868355953,370.40900105,532.1923993,2.9164014293227765,0.983168150131644,False
2022-04-08,361.959991,362.5,354.869995,355.880005,355.880005,4025200,-1.7313237895566602,371.18700094999997,531.3814993350001,2.7363357319525665,0.9826867621044334,False
2022-04-11,350.0,354.779999,345.200012,348.0,348.0,3777100,-2.2142308894257723,372.03650045,530.4861493000001,2.708644644276814,0.9778576911057423,False
2022-04-12,355.910004,359.410004,342.25,344.100006,344.100006,3824300,-1.1206879310344808,372.05400075,529.541499185,2.589858541003486,0.9887931206896552,False
2022-04-13,343.920013,352.0,341.160004,350.429993,350.429993,3231000,1.8395777069530217,371.69900044999997,528.62614915,2.456761793099697,1.0183957770695302,False
2022-04-14,350.950012,352.0,339.859985,341.130005,341.130005,4343800,-2.6538790017326064,370.185501,527.6907490650001,2.3350744277719935,0.9734612099826739,False
2022-04-18,340.0,342.359985,331.619995,337.859985,337.859985,5105000,-0.9585846897284811,368.04849995,526.7123491,2.2366967142494283,0.9904141531027152,False
2022-04-19,333.220001,351.679993,333.220001,348.609985,348.609985,20906900,3.1817914157546756,366.7494994,525.785499125,2.3728752809483473,1.0318179141575468,False
2022-04-20,245.199997,248.699997,212.509995,226.190002,226.190002,133387500,-35.11660258383018,358.91299885,524.2082490600001,8.080796530810304,0.6488339741616982,True
2022-04-21,220.0,227.679993,211.520004,218.220001,218.220001,53501600,-3.5235867763951823,351.0994994,522.619548955,8.086221911344657,0.9647641322360482,False
2022-04-22,220.179993,226.270004,210.050003,215.520004,215.520004,37515100,-1.2372820949624996,343.09000004999996,521.043348925,8.067392467600389,0.987627179050375,False
2022-04-25,213.809998,216.660004,204.509995,209.910004,209.910004,28152000,-2.6030066332032975,334.89299995,519.412999045,8.055733861202205,0.973969933667967,False
2022-04-26,208.800003,209.149994,198.279999,198.399994,198.399994,20318100,-5.4833070271391176,325.88749915,517.718449025,8.033776033774819,0.9451669297286088,False
2022-04-27,194.009995,200.190002,187.770004,188.539993,188.539993,22298400,-4.969758718843497,315.72349844999997,515.957749025,7.9065191088836375,0.950302412811565,False
2022-04-28,191.559998,201.479996,185.600006,199.520004,199.520004,21363200,5.8237039395668155,306.6259986,514.215598985,8.161024322453734,1.0582370393956682,False
2022-04-29,198.679993,204.710007,190.0,190.360001,190.360001,16391900,-4.591019855833601,297.41449885000003,512.45264893,8.167155354309676,0.954089801441664,False
2022-05-02,191.710007,200.210007,190.009995,199.460007,199.460007,14591600,4.780419180602946,288.71399914999995,510.798398975,8.33048203410555,1.0478041918060295,False
2022-05-03,198.289993,203.199997,194.770004,199.869995,199.869995,11839400,0.2055489750383943,279.1324989,509.136348805,8.174124682877727,1.002055489750384,False
2022-05-04,197.649994,204.380005,191.009995,204.009995,204.009995,12218800,2.0713464269611848,270.32549895,507.50114884000004,8.24945960331642,1.0207134642696118,False
2022-05-05,200.449997,200.710007,186.0,188.320007,188.320007,13971300,-7.6907937770401835,261.323999,505.87459885,8.326018879630888,0.9230920622295982,False
2022-05-06,186.75,187.210007,175.809998,180.970001,180.970001,17185500,-3.902934221959753,252.26499935,504.22059891,8.323967500124631,0.9609706577804025,False
2022-05-09,177.660004,183.199997,172.300003,173.100006,173.100006,14031300,-4.348784304863873,243.1259994,502.509049075,8.323634625007939,0.9565121569513613,False
2022-05-10,176.009995,181.869995,170.570007,177.660004,177.660004,13883900,2.634314177897812,234.6089996,500.81489914499997,8.421606318264653,1.0263431417789781,False
2022-05-11,176.089996,180.919998,165.550003,166.369995,166.369995,12665500,-6.35484000101677,225.72249904999998,499.05219925499995,8.445247411328404,0.9364515999898323,False
2022-05-12,163.960007,177.580002,162.710007,174.309998,174.309998,17662100,4.772496987813235,216.9164993,497.327249305,8.56102500850465,1.0477249698781324,False
2022-05-13,177.160004,187.770004,176.009995,187.639999,187.639999,13136300,7.647295710484703,209.241999,495.6941993,8.886521218907085,1.076472957104847,False
2022-05-16,193.300003,195.889999,185.699997,186.509995,186.509995,16145000,-0.6022191462492943,201.6744995,494.03889924,8.89009561426899,0.9939778085375071,False
2022-05-17,189.169998,191.399994,185.169998,190.559998,190.559998,9876700,2.1714670036852457,193.77200015,492.41594911,8.859134466791502,1.0217146700368525,False
2022-05-18,186.720001,187.699997,176.270004,177.190002,177.190002,9665600,-7.01616086289002,191.32200015,490.747799085,4.640579133660151,0.9298383913710998,False
2022-05-19,178.050003,186.300003,175.710007,183.479996,183.479996,10448500,3.5498583040819653,189.5849999,489.07844918500007,4.715951723741194,1.0354985830408197,False
2022-05-20,185.869995,190.190002,179.770004,186.350006,186.350006,10429400,1.5642086671944444,188.1265,487.38574914,4.742471918300483,1.0156420866719444,False
2022-05-23,186.149994,187.660004,177.889999,187.440002,187.440002,9602000,0.5849186825354735,187.00299990000002,485.72019921,4.72575636410509,1.0058491868253547,False
2022-05-24,182.0,184.0,177.169998,180.339996,180.339996,7706400,-3.7878819484860937,186.1,484.02204933499996,4.645384773707653,0.9621211805151391,False
2022-05-25,180.279999,188.869995,180.169998,187.830002,187.830002,8522100,4.153269472180754,186.06450045,482.38199921,4.618080914865084,1.0415326947218075,False
2022-05-26,186.490005,192.339996,183.089996,191.399994,191.399994,8049900,1.900650568059925,185.65849995,480.77699906000004,4.441355073029198,1.0190065056805993,False
2022-05-27,193.190002,195.25,190.369995,195.190002,195.190002,8586000,1.9801505322931234,185.9,479.199349065,4.334414935550651,1.0198015053229312,False
2022-05-31,196.179993,199.949997,190.800003,197.440002,197.440002,11398500,1.152722976046694,185.79899974999998,477.60694916,4.207378481458776,1.011527229760467,False
2022-06-01,198.699997,202.740005,191.660004,192.910004,192.910004,8416200,-2.2943668730311284,185.4510002,475.98189926500004,4.23903652681193,0.9770563312696887,False
2022-06-02,192.020004,205.470001,191.720001,205.089996,205.089996,9623100,6.3138208218584735,185.50500025,474.41279938,4.453639784784325,1.0631382082185847,False
2022-06-03,200.139999,202.949997,198.050003,198.979996,198.979996,7191800,-2.9791799303560462,186.0379997,472.79834938499994,4.131629465085023,0.9702082006964395,False
2022-06-06,202.089996,203.869995,195.380005,197.139999,197.139999,5372000,-0.9247145627643949,186.8464996,471.06549927,4.022237509950857,0.990752854372356,False
2022-06-07,194.869995,199.600006,193.0,198.610001,198.610001,4839500,0.7456639989127822,188.12199934999998,469.32414924999995,3.8565177236341586,1.0074566399891278,False
2022-06-08,197.949997,207.380005,197.639999,202.830002,202.830002,7244100,2.124767624365509,189.38049925,467.571649175,3.8451540926695897,1.021247676243655,False
2022-06-09,200.649994,201.690002,192.539993,192.770004,192.770004,6949000,-4.95981753231951,190.7004997,465.76844933,3.7204027234562123,0.9504018246768049,False
2022-06-10,182.639999,185.860001,180.850006,182.940002,182.940002,13065600,-5.099342115488059,191.13199989999998,463.945249255,3.819831111930824,0.9490065788451194,False
2022-06-13,177.070007,179.089996,168.960007,169.690002,169.690002,10222400,-7.242811771697699,190.23450005,462.04309929000004,3.765436775906635,0.927571882283023,False
2022-06-14,169.75,172.059998,164.279999,167.539993,167.539993,11555300,-1.2670216127406153,189.28599995,460.08619934,3.7699385366154634,0.9873297838725938,False
2022-06-15,169.259995,183.850006,168.529999,180.110001,180.110001,12396000,7.502691014198626,188.76350010000002,458.15584938,4.1368957690144414,1.0750269101419863,False
2022-06-16,174.0,176.270004,171.559998,173.350006,173.350006,8201300,-3.753259098588313,188.5715003,456.17664940000003,3.9121742189966935,0.9624674090141169,False
2022-06-17,173.630005,179.649994,173.339996,175.509995,175.509995,12133400,1.2460276465176445,188.17300025,454.14384934000003,3.834148899288868,1.0124602764651764,False
2022-06-21,177.600006,178.619995,169.800003,170.910004,170.910004,12177600,-2.6209282269081147,187.40100015000002,452.05564941999995,3.8497295293388314,0.9737907177309189,False
2022-06-22,170.75,182.820007,170.199997,178.889999,178.889999,11992400,4.66912106561066,186.9735,449.99744927,4.007644977608967,1.0466912106561066,False
2022-06-23,180.5,182.759995,175.869995,181.710007,181.710007,9538200,1.5763922051338364,187.04200054999998,447.872449195,3.9306217195876516,1.0157639220513384,False
2022-06-24,183.5,191.190002,181.839996,190.850006,190.850006,12424000,5.029992101645786,187.19300075,445.796449285,3.982618335380171,1.0502999210164579,False
2022-06-27,191.770004,191.779999,182.389999,189.139999,189.139999,8363900,-0.8959952560860907,187.08000099999998,443.75444939,3.967168666330993,0.9910400474391391,False
2022-06-28,189.199997,192.199997,179.369995,179.600006,179.600006,7185400,-5.043879163814513,186.3005012,441.65884956499997,4.092975098254022,0.9495612083618549,False
2022-06-29,179.550003,180.669998,175.100006,178.360001,178.360001,5766800,-0.6904259234824295,185.34650115,439.60419968,4.078414928031058,0.9930957407651757,False
2022-06-30,177.070007,179.449997,170.300003,174.869995,174.869995,7894700,-1.9567201056474692,184.4445007,437.58974960499995,4.070975365022552,0.9804327989435253,False
2022-07-01,176.490005,180.100006,174.270004,179.949997,179.949997,5201600,2.9050163808834073,183.18750075,435.575149615,3.8393653864978337,1.029050163808834,False
2022-07-05,176.279999,185.919998,172.679993,185.880005,185.880005,7334300,3.295364322790184,182.5325012,433.57204964,3.8891840092281345,1.0329536432279018,False
2022-07-06,185.199997,186.220001,180.820007,184.059998,184.059998,5753400,-0.9791300575874184,181.87850115,431.54559975000006,3.889686615999385,0.9902086994241258,False
2022-07-07,184.270004,190.210007,183.5,189.270004,189.270004,6334500,2.830602008373373,181.4115013,429.614799805,3.945893060739306,1.0283060200837337,False
2022-07-08,186.020004,189.910004,182.75,186.979996,186.979996,5835700,-1.209915967455677,180.619001,427.6839997100001,3.9143083498703413,0.9879008403254432,False
2022-07-11,184.729996,184.990005,176.889999,177.339996,177.339996,6038800,-5.155631728647581,179.8475006,425.61744957,3.9267150282030743,0.9484436827135242,False
2022-07-12,177.330002,179.779999,173.419998,174.449997,174.449997,6845300,-1.6296374564032434,179.42300035,423.52339950500004,3.7793997009111147,0.9837036254359676,False
2022-07-13,170.5,179.179993,169.699997,176.559998,176.559998,12734400,1.2095162145517424,179.76650015,421.44424942,3.400397501792436,1.0120951621455174,False
2022-07-14,175.559998,177.520004,171.820007,174.779999,174.779999,9039500,-1.0081553127339715,180.12850045,419.35494933999996,3.394794779277946,0.9899184468726603,False
2022-07-15,175.580002,189.220001,174.559998,189.110001,189.110001,16319100,8.19887978143312,180.57850045,417.381249465,3.4755126725066336,1.0819887978143312,False
2022-07-18,192.5,199.669998,189.800003,190.919998,190.919998,16322800,0.9571133152286304,181.45700004999998,415.340549465,3.343414335723588,1.0095711331522863,False
2022-07-19,193.020004,201.970001,188.399994,201.630005,201.630005,28178700,5.609683172110658,182.76300055,413.296999355,3.529370730052663,1.0560968317211066,False
2022-07-20,208.169998,216.970001,200.100006,216.440002,216.440002,53920300,7.345135462353425,185.03950045000002,411.313449245,3.7257869460107957,1.0734513546235342,False
2022-07-21,214.300003,224.320007,211.5,223.880005,223.880005,23430100,3.437443601576029,187.28900075,409.41609939,3.676196609716032,1.0343744360157603,False
2022-07-22,222.380005,229.350006,218.440002,220.440002,220.440002,17805500,-1.5365387364539407,189.2255005,407.34424941000003,3.7246136519126614,0.9846346126354606,False
2022-07-25,221.309998,225.229996,216.350006,218.509995,218.509995,10935200,-0.8755248514287328,190.60849994999998,405.241299505,3.6240141083770556,0.9912447514857127,False
2022-07-26,216.660004,219.389999,211.639999,213.910004,213.910004,9508500,-2.105162740953803,191.8470002,403.151599645,3.662630085385984,0.978948372590462,False
2022-07-27,216.479996,227.779999,214.580002,226.75,226.75,10508400,6.002522443971348,194.20449990000003,401.12204977999994,3.586156133481258,1.0600252244397135,False
2022-07-28,224.600006,228.100006,219.669998,226.020004,226.020004,8972700,-0.32193869900771777,196.58750005000002,399.11694990999996,3.5766924737732078,0.9967806130099228,False
2022-07-29,223.289993,230.75,222.399994,224.899994,224.899994,9064900,-0.4955357845228603,199.089,397.11674987000004,3.5222380171667576,0.9950446421547714,False
2022-08-01,223.100006,228.389999,221.0,226.210007,226.210007,5525000,0.5824868985990328,201.4020005,395.098999855,3.5056060743314545,1.0058248689859903,False
2022-08-02,222.759995,228.199997,220.880005,221.419998,221.419998,6361300,-2.117505349796478,203.17900015,393.037099905,3.5446667371152802,0.9788249465020352,False
2022-08-03,224.789993,228.100006,222.419998,226.729996,226.729996,6400700,2.3981564664272037,205.31250005,391.029299995,3.5289937497104744,1.023981564664272,False
2022-08-04,227.679993,232.070007,225.050003,229.910004,229.910004,7142700,1.4025528408689203,207.34450005,388.98900016,3.506635018050106,1.0140255284086892,False
2022-08-05,225.300003,228.619995,222.869995,226.779999,226.779999,5539700,-1.3614044389299362,209.3345002,386.927900155,3.511897599975851,0.9863859556107006,False
2022-08-08,227.490005,241.960007,226.410004,233.490005,233.490005,10982100,2.958817369074951,212.14200065,384.96965010499997,3.2163457185339146,1.0295881736907495,False
2022-08-09,231.619995,232.199997,224.649994,229.940002,229.940002,6181200,-1.5204089785342267,214.9165009,382.85355024999996,3.21096062897468,0.9847959102146577,False
2022-08-10,236.990005,244.539993,236.600006,244.110001,244.110001,9254800,6.1624766794600605,218.29400105,380.75020011,3.379013508555892,1.0616247667946006,False
2022-08-11,244.679993,251.619995,241.509995,242.699997,242.699997,8780100,-0.5776100914439808,221.69000095,378.60540023,3.36227836474213,0.9942238990855602,False
2022-08-12,244.809998,249.410004,243.759995,249.300003,249.300003,6098500,2.719409180709631,224.69950104999998,376.509300145,3.0102861659415754,1.0271940918070963,False
2022-08-15,248.110001,251.990005,247.509995,249.110001,249.110001,6527400,-0.07621419884218383,227.60900119999997,374.440250235,3.0277048364451984,0.9992378580115782,False
2022-08-16,247.160004,249.289993,244.029999,245.690002,245.690002,5136800,-1.372887072486506,229.81200105,372.298450305,2.9149778595376827,0.9862711292751349,False
2022-08-17,241.179993,244.240005,237.559998,241.149994,241.149994,5627200,-1.847860296732795,231.04750065000002,370.05265028499997,2.5717573607588466,0.981521397032672,False
2022-08-18,241.960007,246.479996,239.279999,245.169998,245.169998,5280400,1.6670139332452205,232.1120003,367.87265035999997,2.4973570676810417,1.0166701393324522,False
2022-08-19,240.949997,243.289993,235.679993,241.160004,241.160004,7504700,-1.6355973539633584,233.1480004,365.689850525,2.501670259552265,0.9836440264603664,False
2022-08-22,232.550003,233.479996,224.589996,226.539993,226.539993,8630100,-6.062369695432568,233.5495003,363.38110059999997,2.8884647232878695,0.9393763030456743,False
2022-08-23,226.460007,229.899994,224.300003,224.550003,224.550003,5276900,-0.8784276778890932,234.08150025,361.16185049499995,2.8492509471726035,0.9912157232211091,False
2022-08-24,225.660004,234.100006,223.940002,229.610001,229.610001,5426300,2.2533947594736814,234.2245003,359.081300645,2.561868565595213,1.0225339475947368,False
2022-08-25,230.240005,234.160004,229.0,233.979996,233.979996,3766900,1.9032250254639393,234.6224999,356.993950565,2.5910141372497493,1.0190322502546394,False
2022-08-26,233.630005,236.949997,223.149994,223.279999,223.279999,5349800,-4.573039226823472,234.54150015,354.83040060999997,2.80095881926223,0.9542696077317653,False
2022-08-29,221.929993,229.869995,221.520004,224.570007,224.570007,7109400,0.5777534959591213,234.45950015000003,352.71870078,2.800907318132913,1.0057775349595912,False
2022-08-30,226.660004,229.789993,218.740005,220.649994,220.649994,5740400,-1.7455639122814892,234.42099994999998,350.53405066499994,2.7873027649336732,0.9825443608771851,False
2022-08-31,227.0,233.880005,223.429993,223.559998,223.559998,8615900,1.3188325760842723,234.26250005000003,348.2388007299999,2.7490117060415393,1.0131883257608427,False
2022-09-01,220.720001,230.369995,219.470001,230.039993,230.039993,7292900,2.898548514032462,234.26899949999998,345.99235061,2.8098481070124977,1.0289854851403246,False
2022-09-02,231.029999,233.880005,225.039993,226.110001,226.110001,8164900,-1.7083951137139897,234.2354996,343.685900495,2.8200120652735072,0.9829160488628601,False
2022-09-06,225.589996,226.850006,214.690002,218.389999,218.389999,7469000,-3.4142682614025643,233.48049929999996,341.31940048,2.830869041589325,0.9658573173859744,False
2022-09-07,220.210007,229.330002,218.270004,228.960007,228.960007,8149300,4.839968885205215,233.43149955000004,339.054100415,3.0358711026015484,1.0483996888520521,False
2022-09-08,224.160004,228.740005,221.300003,227.440002,227.440002,6737400,-0.6638735820793329,232.5979996,336.797300485,2.671038600628247,0.9933612641792067,False
2022-09-09,229.619995,234.779999,229.619995,233.570007,233.570007,6699600,2.695218495469409,232.14150009999997,334.66915046,2.7533414427398615,1.026952184954694,False
2022-09-12,233.610001,239.490005,233.369995,236.529999,236.529999,6047400,1.2672825753693662,231.50299990000002,332.581500465,2.692009362475689,1.0126728257536937,False
2022-09-13,226.5,227.690002,217.720001,218.130005,218.130005,8000100,-7.779137563011618,229.95400010000003,330.38070059999995,3.1765868304325253,0.9222086243698838,False
2022-09-14,219.820007,228.0,215.800003,224.119995,224.119995,8230300,2.74606421065271,228.87549975000002,328.1731005,3.257227144254514,1.027460642106527,False
2022-09-15,230.470001,242.289993,229.100006,235.380005,235.380005,19454100,5.024098809211575,228.5870003,326.03080039,3.453765716736954,1.0502409880921157,False
2022-09-16,231.220001,241.360001,227.830002,240.130005,240.130005,18914200,2.0180133822327084,228.33500065000004,324.021950295,3.463898691606243,1.020180133822327,False
2022-09-19,245.050003,245.25,235.75,243.630005,243.630005,17912400,1.457543800076122,228.4585007,322.15125022,3.45823351825487,1.0145754380007612,False
2022-09-20,240.369995,250.490005,239.660004,242.850006,242.850006,16037400,-0.3201571990280927,229.27400135,320.283150395,3.1429191097567104,0.9967984280097191,False
2022-09-21,242.669998,248.300003,236.679993,236.869995,236.869995,9166800,-2.4624298341586304,229.89000095,318.456850345,3.196226475204385,0.9753757016584137,False
2022-09-22,235.350006,240.5,231.660004,237.050003,237.050003,10018000,0.0759944289271397,230.26200105000004,316.57865035,3.1637029316041274,1.0007599442892714,False
2022-09-23,235.139999,236.449997,221.429993,226.410004,226.410004,11207200,-4.488504056251797,229.88350144999998,314.58280028499996,3.3031818746037303,0.955114959437482,False
2022-09-26,225.600006,232.699997,223.009995,224.070007,224.070007,8234300,-1.0335219109841032,229.92300185,312.562750235,3.1424908297452774,0.989664780890159,False
2022-09-27,228.630005,230.639999,220.720001,224.360001,224.360001,7762200,0.12942115898626483,229.91250154999997,310.62955024,3.1402402103856035,1.0012942115898626,False
2022-09-28,229.690002,246.649994,227.380005,245.199997,245.199997,17579700,9.288641427666944,231.1400017,308.79725036,3.7244686718330224,1.0928864142766694,False
2022-09-29,241.610001,246.979996,235.679993,239.710007,239.710007,18994900,-2.2389845298407596,231.94750215,306.973000405,3.772703275416814,0.9776101547015924,False
2022-09-30,237.0,242.440002,233.259995,235.440002,235.440002,11848600,-1.7813211277408203,232.21750260000005,305.160250465,3.7557536002864653,0.9821867887225918,False
2022-10-03,237.850006,241.539993,232.850006,239.039993,239.039993,8657400,1.5290481521487598,232.86400220000002,303.33025053999995,3.7396955772076796,1.0152904815214876,False
2022-10-04,244.839996,245.800003,233.25,240.740005,240.740005,13925900,0.7111830864218627,233.98150250000003,301.578650575,3.633735643541401,1.0071118308642186,False
2022-10-05,238.759995,241.589996,227.380005,236.729996,236.729996,10825600,-1.6657011367927854,234.37000195000002,299.82865065500005,3.51893701077801,0.9833429886320721,False
2022-10-06,236.679993,244.279999,233.910004,240.020004,240.020004,9188900,1.3897723379338922,234.99900205000003,298.060050725,3.521582613416625,1.013897723379339,False
2022-10-07,235.770004,237.330002,224.279999,224.75,224.75,9806100,-6.361971396350786,234.55800170000003,296.15920081,3.774443032424303,0.9363802860364921,False
2022-10-10,225.639999,233.830002,224.229996,229.979996,229.979996,9991100,2.3270282536151266,234.23050155,294.23790084,3.8023487014673876,1.0232702825361513,False
2022-10-11,226.050003,230.440002,213.699997,214.289993,214.289993,15282400,-6.822333799849267,234.03850094999999,292.23890067,3.7050465906665893,0.9317766620015073,False
2022-10-12,214.300003,223.669998,212.639999,220.869995,220.869995,12952600,3.0706062881806995,233.87600095,290.27765067,3.7185030899212452,1.030706062881807,False
2022-10-13,212.690002,234.470001,211.729996,232.509995,232.509995,17505000,5.270068485309665,233.73250045,288.386650535,3.736384720117168,1.0527006848530966,False
2022-10-14,237.800003,238.800003,229.509995,230.0,230.0,15293400,-1.079521334125877,233.2260002,286.483950645,3.7126577011683874,0.9892047866587412,False
2022-10-17,234.410004,249.919998,234.399994,245.100006,245.100006,21057800,6.565219999999994,233.29950025,284.64900054000003,3.9940805309900456,1.0656522,False
2022-10-18,249.800003,250.369995,237.729996,240.860001,240.860001,25776700,-1.7299081583865838,233.2,282.841100535,4.014369083190068,0.9827009184161342,False
2022-10-19,265.0,279.299988,262.660004,272.380005,272.380005,46685300,13.086441862133835,234.9755005,281.216150585,4.910857189479063,1.1308644186213384,True
2022-10-20,272.779999,278.380005,266.380005,268.160004,268.160004,17207100,-1.5493064551489244,236.53100055,279.601200485,4.937056984415331,0.9845069354485108,False
2022-10-21,268.950012,290.75,265.679993,289.570007,289.570007,24889100,7.984040379116331,239.6890007,278.21145042,5.029940876276232,1.0798404037911633,False
2022-10-24,290.230011,290.48999,280.359985,282.450012,282.450012,13326400,-2.4588164616095587,242.60800095,276.85725059,5.075445550378175,0.9754118353839044,False
2022-10-25,286.950012,297.589996,285.549988,291.019989,291.019989,15100700,3.03415706705652,245.94100035000002,275.607050545,5.082248196113418,1.0303415706705652,False
2022-10-26,290.040009,305.630005,288.040009,298.619995,298.619995,15714100,2.6115065243851765,248.61200025000002,274.40090064,4.746982731541736,1.0261150652438518,False
2022-10-27,298.329987,305.209991,294.779999,296.940002,296.940002,14612600,-0.562585569663554,251.4735,273.181400515,4.6995864952661,0.9943741443033645,False
2022-10-28,297.700012,301.190002,292.290009,295.720001,295.720001,9960500,-0.41085774627291904,254.48749994999997,271.973900665,4.664017286344189,0.9958914225372708,False
2022-10-31,295.130005,297.619995,289.5,291.880005,291.880005,7505100,-1.2985242753330128,257.12950055,270.83730063,4.697748209005144,0.9870147572466699,False
2022-11-01,296.170013,299.700012,286.420013,286.75,286.75,6916400,-1.7575732876940253,259.43000029999996,269.64260062,4.740891623454738,0.9824242671230597,False
2022-11-02,286.399994,287.329987,272.839996,273.0,273.0,10367600,-4.7951176983435095,261.2435005,268.45360067999997,4.8824102359135395,0.9520488230165649,False
2022-11-03,271.25,276.290009,268.799988,269.059998,269.059998,7057400,-1.443224175824176,262.69550019999997,267.21960074500004,4.906219124483482,0.9855677582417582,False
2022-11-04,272.019989,274.970001,255.320007,260.790009,260.790009,11124700,-3.073659801335471,264.49750065,265.98230079,4.708796925734439,0.9692634019866453,False
2022-11-07,261.059998,261.149994,252.089996,258.600006,258.600006,7927000,-0.8397572469887038,265.92850115,265.28780082000003,4.709702159274012,0.991602427530113,False
2022-11-08,259.920013,266.079987,256.880005,263.459991,263.459991,7683800,1.8793445039595236,268.38700105000004,264.669350805,4.36877238853881,1.0187934450395952,False
2022-11-09,259.660004,260.899994,254.220001,254.660004,254.660004,7266000,-3.3401606697845865,270.0765015,264.11055076,4.452889508870833,0.9665983933021541,False
2022-11-10,265.98999,275.359985,260.089996,274.970001,274.970001,9667300,7.975338365266049,272.1995018,263.686900705,4.633115886623714,1.0797533836526605,False
2022-11-11,274.470001,290.660004,271.559998,290.130005,290.130005,9573800,5.513330161423657,275.20600205,263.20405067,4.715679588251709,1.0551333016142366,False
2022-11-14,290.0,311.0,288.190002,299.269989,299.269989,17978200,3.150306360074695,277.9145012,262.77860069,4.573520512051878,1.031503063600747,False
2022-11-15,309.200012,312.709991,302.549988,310.200012,310.200012,14626900,3.652228222590015,281.38150175,262.19390067499995,4.556633661813523,1.0365222822259001,False
2022-11-16,309.940002,310.48999,303.609985,306.019989,306.019989,8038600,-1.3475250929390725,283.06350095000005,261.438350595,3.657194435556995,0.9865247490706093,False
2022-11-17,294.720001,299.820007,291.0,295.279999,295.279999,9838200,-3.509571396004474,284.41950069999996,260.767350535,3.7443588379876998,0.9649042860399553,False
2022-11-18,297.329987,298.0,287.0,287.980011,287.980011,8400100,-2.472225692468921,284.34000090000006,260.17925056,3.361920192493197,0.9752777430753108,False
2022-11-21,291.0,291.869995,282.660004,285.049988,285.049988,7256500,-1.0174397138973723,284.4699997,259.553650435,3.3210662933963397,0.9898256028610263,False
2022-11-22,284.98999,286.980011,277.339996,286.690002,286.690002,6245100,0.5753425956994018,284.25350035,258.976600415,3.251410552657386,1.005753425956994,False
2022-11-23,285.910004,292.470001,283.76001,291.5,291.5,5919000,1.6777697047140272,283.8975006,258.41645042,3.218085365875862,1.0167776970471403,False
2022-11-25,289.0,289.209991,284.170013,285.540009,285.540009,3236000,-2.044593825042884,283.32750094999994,257.77970039,3.246904223004568,0.9795540617495712,False
2022-11-28,284.0,289.549988,280.529999,281.170013,281.170013,4703400,-1.5304321153817746,282.60000155,257.15420051,3.2613239829394565,0.9846956788461823,False
2022-11-29,282.5,282.959991,275.940002,280.959991,280.959991,5786900,-0.07469573222232961,282.05400085,256.602450475,3.251138694765104,0.9992530426777767,False
2022-11-30,281.369995,308.26001,280.410004,305.529999,305.529999,16070100,8.745020211792355,282.9930008,256.147250435,3.781279433292712,1.0874502021179235,False
2022-12-01,303.98999,319.799988,303.029999,316.950012,316.950012,14664900,3.737771425842884,285.1905014,255.69470053999999,3.6450917638584173,1.0373777142584288,False
2022-12-02,310.48999,321.98999,310.0,320.410004,320.410004,12690600,1.0916522697591802,287.7580017,255.30635062499996,3.6064625970598048,1.0109165226975918,False
2022-12-05,316.459991,322.769989,310.920013,312.589996,312.589996,8423000,-2.4406254181751574,290.34800105,254.93595054000002,3.5720206023795504,0.9755937458182484,False
2022-12-06,311.0,313.220001,303.130005,305.559998,305.559998,7195400,-2.248951690699652,292.69600065,254.507300485,3.6231112183308727,0.9775104830930035,False
2022-12-07,306.5,309.609985,302.100006,308.420013,308.420013,7821600,0.9359913007984666,294.94400175,254.16250052499998,3.615804449945974,1.0093599130079847,False
2022-12-08,309.109985,312.380005,304.809998,310.26001,310.26001,7205300,0.5965880690109504,297.72400204999997,253.87650061999997,3.480225604937372,1.0059658806901095,False
2022-12-09,321.450012,329.0,319.519989,320.01001,320.01001,14364000,3.1425255223836324,299.97600249999994,253.526400675,3.1234360470970888,1.0314252552238363,False
2022-12-12,320.0,323.179993,308.850006,315.179993,315.179993,10148600,-1.509333098674004,301.22850189999997,253.1483007,2.9567574351764003,0.98490666901326,False
2022-12-13,328.0,332.720001,317.200012,320.339996,320.339996,10756400,1.637160706453833,302.28200225,252.77740073500001,2.9030447385192337,1.0163716070645383,False
2022-12-14,318.970001,324.709991,314.420013,317.829987,317.829987,7543300,-0.7835453054073072,302.663501,252.43535071999997,2.807759726096244,0.9921645469459269,False
2022-12-15,302.119995,303.390015,286.549988,290.410004,290.410004,17724600,-8.627248567329172,301.88300175,251.98725074499998,3.4186153660676912,0.9137275143267083,False
2022-12-16,288.76001,294.720001,288.700012,290.709991,290.709991,14080000,0.10329775003206088,301.65450135000003,251.60045066499998,3.329143326943004,1.0010329775003206,False
2022-12-19,289.730011,292.25,286.130005,288.299988,288.299988,6163700,-0.8290059078155387,301.6705002,251.23330055,3.285568084723591,0.9917099409218446,False
2022-12-20,281.23999,289.279999,280.809998,288.190002,288.190002,6918100,-0.03814984550051248,301.8275009,250.92295051000002,3.275998417457337,0.9996185015449949,False
2022-12-21,289.98999,300.660004,286.5,297.959991,297.959991,6376200,3.390120730142465,302.39100034999996,250.703950415,3.3566990297897097,1.0339012073014247,False
2022-12-22,298.089996,298.880005,290.809998,297.75,297.75,7856200,-0.07047624055003254,302.70350034999996,250.39875037,3.3401898152167004,0.9992952375944997,False
2022-12-23,296.179993,298.459991,291.910004,294.959991,294.959991,4251100,-0.9370307304785941,303.17449945000004,250.08970037999998,3.310782025598113,0.9906296926952141,False
2022-12-27,293.190002,293.570007,282.130005,284.170013,284.170013,5778100,-3.658115788320604,303.32449945,249.80895041,3.4027111684263844,0.963418842116794,False
2022-12-28,281.920013,285.190002,273.410004,276.880005,276.880005,5964400,-2.565368500018328,303.12050015,249.53830038499996,3.4549316860295494,0.9743463149998167,False
2022-12-29,283.179993,295.5,281.01001,291.119995,291.119995,9588500,5.1430185433578135,302.39999995000005,249.27515035999997,3.043569585911747,1.0514301854335781,False
2022-12-30,285.529999,295.01001,283.220001,294.880005,294.880005,7566900,1.2915670735704543,301.2964996,248.96190038999998,2.923945821404369,1.0129156707357045,False
2023-01-03,298.059998,298.390015,288.700012,294.950012,294.950012,6764000,0.02374084333049975,300.02349999999996,248.57965047999997,2.906532285582714,1.000237408433305,False
2023-01-04,298.23999,311.140015,295.51001,309.410004,309.410004,9345100,4.902522940056708,299.8645004,248.22370047,3.08953052578314,1.049025229400567,False
2023-01-05,307.0,314.179993,304.549988,309.700012,309.700012,8328400,0.09372935465914445,300.07150110000003,247.89925055,3.0440534027388977,1.0009372935465914,False
2023-01-06,311.570007,316.769989,303.690002,315.549988,315.549988,8959800,1.8889169432773523,300.42799985,247.56240042500002,3.065013441446622,1.0188891694327735,False
2023-01-09,316.829987,321.700012,313.220001,315.170013,315.170013,6766600,-0.12041673726826962,300.6735,247.26580054,3.063827976355654,0.9987958326273173,False
2023-01-10,311.070007,329.350006,311.070007,327.540009,327.540009,13072300,3.9248645143153293,301.04999995,247.02495063000003,3.1090566436130955,1.0392486451431533,False
2023-01-11,326.5,328.880005,321.350006,327.26001,327.26001,9579700,-0.0854854345442635,301.6540008,246.79200065,3.084955647147624,0.9991451456545574,False
2023-01-12,332.5,332.950012,323.140015,330.130005,330.130005,10856200,0.8769769945310424,302.14350125,246.55010062499997,3.0714136333317157,1.0087697699453104,False
2023-01-13,329.970001,336.649994,328.890015,332.820007,332.820007,8286800,0.8148311147906595,302.89300225,246.255100625,3.0653679235855646,1.0081483111479066,False
2023-01-17,331.079987,332.5,323.600006,326.220001,326.220001,9247000,-1.9830556640784924,304.6835021,245.978850625,2.318800066479931,0.9801694433592151,False
2023-01-18,326.75,330.079987,321.25,326.329987,326.329987,7814100,0.033715284060709116,306.4645019,245.73755057999998,2.3196497331860297,1.000337152840607,False
2023-01-19,322.570007,324.890015,313.390015,315.779999,315.779999,18008200,-3.2329201790456508,307.83850245,245.44910057,2.456123342929866,0.9676707982095435,False
2023-01-20,336.790009,344.0,332.630005,342.5,342.5,28430300,8.461587524420766,310.55400235,245.20410057,3.029367174023375,1.0846158752442077,False
2023-01-23,341.720001,362.25,340.630005,357.420013,357.420013,15646900,4.356208175182474,313.52700345000005,245.090450665,3.0783080861408743,1.0435620817518247,False
2023-01-24,357.529999,365.649994,355.140015,363.829987,363.829987,11796500,1.7934009755631752,316.8310028,245.06785057000002,3.073745221824831,1.0179340097556318,False
2023-01-25,360.570007,368.899994,358.5,367.959991,367.959991,7766900,1.1351466749770722,320.4810028,245.096900555,3.0379169261830534,1.0113514667497707,False
2023-01-26,368.769989,369.019989,361.700012,364.869995,364.869995,8256800,-0.8397641253339416,324.5160019,245.141850505,2.863262200045263,0.9916023587466606,False
2023-01-27,363.200012,365.920013,360.589996,360.769989,360.769989,6703500,-1.1236895486569143,328.7105011,245.20570045,2.7778155464930423,0.9887631045134309,False
2023-01-30,358.440002,360.950012,352.859985,353.109985,353.109985,5127600,-2.1232375844876694,331.81000059999997,245.25075034499997,2.7328726618290355,0.9787676241551233,False
2023-01-31,349.980011,355.950012,348.709991,353.859985,353.859985,5660700,0.21239841178661845,334.7589996,245.267900305,2.73755468141639,1.0021239841178662,False
2023-02-01,353.859985,365.390015,349.910004,361.98999,361.98999,8005200,2.297520303122136,338.1109985,245.37220023,2.7442485785235804,1.0229752030312214,False
2023-02-02,365.160004,368.320007,358.429993,366.890015,366.890015,7857000,1.3536354969373665,340.98499905,245.51735037999998,2.593596959473065,1.0135363549693737,False
2023-02-03,359.079987,379.429993,359.0,365.899994,365.899994,9402000,-0.2698413583155146,343.79499814999997,245.603800425,2.60071192723468,0.9973015864168449,False
2023-02-06,363.640015,368.450012,360.679993,361.480011,361.480011,4994900,-1.2079756962226185,346.0914993,246.28025047,2.628803576421747,0.9879202430377738,False
2023-02-07,358.51001,364.179993,354.179993,362.950012,362.950012,6289400,0.406661766976657,348.48049925,247.00390052499998,2.6226362098833538,1.0040666176697666,False
2023-02-08,360.019989,368.190002,358.309998,366.829987,366.829987,6253200,1.0690108476976823,350.44499815,247.76045044,2.5156725945342346,1.0106901084769768,False
2023-02-09,372.410004,373.829987,361.73999,362.5,362.5,6901100,-1.1803797817652284,352.20699765,248.52340042,2.543076020918153,0.9881962021823477,False
2023-02-10,359.160004,362.140015,347.140015,347.359985,347.359985,7291100,-4.176555862068964,353.06849665,249.26820037500002,2.750677399950649,0.9582344413793104,False
2023-02-13,349.5,359.700012,344.25,358.570007,358.570007,7134400,3.227205920106191,354.35599665,250.11835044500003,2.8267504793994993,1.032272059201062,False
2023-02-14,357.549988,363.75,353.399994,359.959991,359.959991,4624800,0.3876464770797172,356.04299615,250.92055037999998,2.770241006215211,1.0038764647707972,False
2023-02-15,356.630005,362.880005,354.23999,361.420013,361.420013,3966000,0.4056067442228528,357.79749745,251.77585044,2.7679888349306614,1.0040560674422285,False
2023-02-16,355.0,361.5,350.309998,350.709991,350.709991,5215700,-2.9633173633912713,359.54399705,252.53210036000002,2.7492014559923486,0.9703668263660873,False
2023-02-17,347.910004,349.0,342.440002,347.959991,347.959991,5294700,-0.7841236550343966,359.8169966,253.27255034,2.0354897545509423,0.992158763449656,False
2023-02-21,342.850006,344.130005,336.420013,337.5,337.5,5710300,-3.0060901455765343,358.82099595,253.940000365,1.885198197189124,0.9699390985442347,False
2023-02-22,337.5,341.910004,332.820007,334.880005,334.880005,4546200,-0.7762948148148152,357.37349685,254.672800355,1.823781838181996,0.9922370518518518,False
2023-02-23,331.230011,331.279999,314.299988,323.649994,323.649994,13238700,-3.353443272912038,355.15799699999997,255.38620032,1.8998027190093416,0.9664655672708796,False
2023-02-24,319.299988,321.5,314.519989,317.149994,317.149994,6830700,-2.008342382357653,352.77199695,256.10645026,1.9246519139729894,0.9799165761764235,False
2023-02-27,323.869995,330.0,322.119995,323.029999,323.029999,6142600,1.8540139086365537,350.88499745,256.83330023499997,2.0021895422995706,1.0185401390863655,False
2023-02-28,323.700012,327.619995,321.170013,322.130005,322.130005,3676100,-0.2786100370820388,349.33599845000003,257.612100285,1.96720182339295,0.9972138996291796,False
2023-03-01,321.549988,326.600006,312.359985,313.480011,313.480011,4911300,-2.6852493917789433,347.31699975000004,258.30795035,2.0225831401008425,0.9731475060822106,False
2023-03-02,310.959991,315.570007,310.380005,311.880005,311.880005,4911000,-0.5104012836084859,344.8115005,258.92915038,1.9061056970025432,0.9948959871639151,False
2023-03-03,315.450012,317.48999,310.820007,315.179993,315.179993,5953300,1.0580954043527324,342.2259994,259.57250037,1.8902237323055036,1.0105809540435273,False
2023-03-06,317.0,323.299988,311.839996,312.029999,312.029999,5660700,-0.9994270162954288,339.53249965,260.179850375,1.8877188060873824,0.9900057298370457,False
2023-03-07,312.679993,314.299988,306.619995,308.470001,308.470001,4553100,-1.1409153002625128,336.88199915,260.83625037,1.8869707282212005,0.9885908469973749,False
2023-03-08,309.290009,311.829987,305.75,311.790009,311.790009,3479500,1.076282293006492,334.323999,261.477800435,1.9147350331813127,1.010762822930065,False
2023-03-09,312.079987,312.51001,294.880005,297.779999,297.779999,7443400,-4.493412102887495,330.8714996,262.0349504,2.038249151292994,0.955065878971125,False
2023-03-10,297.899994,298.790009,289.0,292.76001,292.76001,5759300,-1.6858046265222693,327.3845001,262.56155044,2.043502883303053,0.9831419537347773,False
2023-03-13,287.339996,299.23999,285.329987,293.51001,293.51001,6292400,0.2561825298475595,324.69200135,263.12740051000003,1.9225172460122615,1.0025618252984756,False
2023-03-14,295.970001,297.450012,290.309998,294.940002,294.940002,5956700,0.48720382654068306,321.51050109999994,263.66295051000003,1.7040712099953412,1.0048720382654068,False
2023-03-15,292.51001,306.309998,292.279999,303.790009,303.790009,9215300,3.0006126466358474,318.702002,264.224900585,1.9014106908991484,1.0300061264663585,False
2023-03-16,304.75,316.600006,301.709991,310.059998,310.059998,7903700,2.0639220561068594,316.13400125,264.799250565,1.9920068293698043,1.0206392205610686,False
2023-03-17,310.059998,310.76001,300.0,303.5,303.5,6918800,-2.1157189067646187,313.7735017,265.329550555,1.9509083970689876,0.9788428109323538,False
2023-03-20,299.790009,307.5,296.0,305.130005,305.130005,5113400,0.5370691927512272,311.6320024,265.89065056,1.9702564540671947,1.0053706919275123,False
2023-03-21,306.320007,307.920013,300.429993,305.790009,305.790009,4886300,0.21630255602034243,310.04650284999997,266.394150625,1.8966217407509418,1.0021630255602034,False
2023-03-22,306.309998,306.450012,293.540009,293.899994,293.899994,5808000,-3.88829413978663,307.9975023,266.868750615,2.044537273169323,0.9611170586021337,False
2023-03-23,304.679993,322.779999,304.140015,320.369995,320.369995,15653300,9.006465308059862,307.83350235,267.484900595,2.8767740734412484,1.0900646530805986,False
2023-03-24,320.630005,331.829987,320.630005,328.390015,328.390015,12991700,2.503361777060298,308.3955034,268.13380066499997,2.8889003895767154,1.025033617770603,False
2023-03-27,327.549988,336.440002,324.410004,327.660004,327.660004,8625800,-0.22229999898139008,308.62700364999995,268.757950675,2.864028426932171,0.9977770000101861,False
2023-03-28,326.059998,333.320007,321.279999,323.519989,323.519989,6489400,-1.2635094150825976,308.69650285,269.4117006,2.8794744162883186,0.987364905849174,False
2023-03-29,326.290009,332.850006,325.730011,332.029999,332.029999,6287300,2.6304433386958204,309.62400225,270.157150585,2.8579878203531415,1.0263044333869582,False
2023-03-30,340.269989,343.290009,335.299988,338.429993,338.429993,7131500,1.9275348671130343,310.95150165,271.00085054,2.872399510910216,1.0192753486711303,False
2023-03-31,340.049988,345.839996,337.200012,345.480011,345.480011,5610200,2.083154018798794,312.46650255,271.89055063,2.892935864715871,1.020831540187988,False
2023-04-03,341.829987,348.579987,340.399994,348.279999,348.279999,4413700,0.8104630979648642,314.27900255,272.73140062,2.8718284508565253,1.0081046309796486,False
2023-04-04,348.48999,349.799988,343.950012,346.75,346.75,3298100,-0.43930142540283823,316.19300250000003,273.59840059000004,2.853807462939478,0.9956069857459716,False
2023-04-05,345.299988,345.429993,336.25,342.350006,342.350006,4205500,-1.2689240086517617,317.72100235,274.432600645,2.8823074212060606,0.9873107599134824,False
2023-04-06,339.339996,340.480011,332.630005,339.329987,339.329987,4660500,-0.882143697114468,319.79850174999996,275.27470056000004,2.6568461023429166,0.9911785630288553,False
2023-04-10,335.269989,339.880005,333.359985,338.98999,338.98999,2657900,-0.10019656765555274,322.11000075,276.075200515,2.605448855522661,0.9989980343234445,False
2023-04-11,343.450012,347.140015,337.640015,338.209991,338.209991,4044800,-0.23009499484040186,324.3449998,276.857700435,2.612726594001242,0.997699050051596,False
2023-04-12,340.809998,342.799988,330.040009,331.029999,331.029999,3965400,-2.1229390588878294,326.14949965,277.5586004,2.6902060812185153,0.9787706094111217,False
2023-04-13,339.98999,346.429993,338.75,346.190002,346.190002,7406400,4.579646269460924,328.2694993,278.343850415,2.7854708846422613,1.0457964626946092,False
2023-04-14,342.940002,344.850006,336.410004,338.630005,338.630005,5350500,-2.1837710379631337,329.69799965000004,279.13900041,2.836764837541221,0.9781622896203687,False
2023-04-17,338.0,338.390015,327.5,332.720001,332.720001,6136000,-1.7452688517663906,331.1589997,279.91080041000004,2.82009244121325,0.9825473114823361,False
2023-04-18,335.0,337.190002,330.5,333.700012,333.700012,17944500,0.2945452623991818,332.58750005,280.704950495,2.820434217472885,1.0029454526239918,False
2023-04-19,324.209991,325.75,316.100006,323.119995,323.119995,22128300,-3.1705174167030004,333.45399935,281.420800485,2.9367092953380087,0.96829482583297,False
2023-04-20,320.390015,331.429993,318.329987,325.350006,325.350006,9947800,0.6901494907487926,335.02649994999996,282.11815048999995,2.765173578495028,1.006901494907488,False
2023-04-21,323.0,328.290009,319.5,327.980011,327.980011,6348000,0.8083617493463313,335.40700075,282.83775055499996,1.9247338398480296,1.0080836174934633,False
2023-04-24,330.200012,334.660004,326.75,329.019989,329.019989,5586600,0.31708578727989156,335.43849945,283.53650048,1.8435113615546563,1.003170857872799,False
2023-04-25,328.5,328.660004,321.100006,322.549988,322.549988,5426600,-1.966446178441772,335.18299865000006,284.21435044000003,1.896352631242868,0.9803355382155823,False
2023-04-26,321.359985,325.899994,320.470001,321.149994,321.149994,4623200,-0.4340393898883077,335.0644989,284.93340043,1.8776611161046715,0.9956596061011169,False
2023-04-27,324.299988,327.450012,317.440002,325.850006,325.850006,5618800,1.4634943446394821,334.75549925,285.69040047500005,1.807792599434334,1.0146349434463948,False
2023-04-28,325.23999,330.809998,324.0,329.929993,329.929993,4221900,1.2521058538817353,334.33049925,286.45725045,1.7743456453326114,1.0125210585388174,False
2023-05-01,329.440002,331.230011,318.089996,324.119995,324.119995,5341500,-1.76097903290654,333.26249845,287.20395043,1.7317093353768311,0.9823902096709346,False
2023-05-02,325.0,326.070007,315.619995,317.549988,317.549988,4318600,-2.0270292179907057,331.7259979,287.84615036499997,1.7516799809006598,0.9797297078200929,False
2023-05-03,317.549988,324.619995,315.850006,319.299988,319.299988,5064100,0.5510943366812571,330.35349729999996,288.488050315,1.7658306619816015,1.0055109433668126,False
2023-05-04,319.01001,323.609985,317.950012,320.779999,320.779999,3879700,0.4635173991926367,329.27499695,289.083800285,1.763287234203124,1.0046351739919264,False
2023-05-05,323.609985,324.149994,319.440002,322.76001,322.76001,3988600,0.617248895246747,328.4464981,289.615400325,1.7695524600216166,1.0061724889524675,False
2023-05-08,322.98999,332.559998,322.029999,331.209991,331.209991,5488600,2.6180383994906853,328.05749815,290.152050255,1.8813253227874551,1.0261803839949069,False
2023-05-09,330.670013,336.320007,329.73999,332.140015,332.140015,5544900,0.280795877320017,327.75399934999996,290.71055032,1.8829235268742515,1.0028079587732002,False
2023-05-10,335.209991,337.109985,329.51001,335.420013,335.420013,4289900,0.9875347298939463,327.97350005000004,291.29510041000003,1.8325419101305966,1.0098753472989395,False
2023-05-11,334.980011,345.470001,331.839996,344.76001,344.76001,8033500,2.784567598236909,327.90200045,291.94935044,1.6338383249824069,1.027845675982369,False
2023-05-12,344.76001,348.170013,337.359985,339.890015,339.890015,6079900,-1.4125753738085889,327.96500095,292.515050515,1.588249670886909,0.9858742462619141,False
2023-05-15,340.619995,341.899994,335.540009,335.890015,335.890015,3653000,-1.1768512823184918,328.12350165000004,293.06440057,1.5596270600989497,0.9882314871768151,False
2023-05-16,334.0,335.170013,331.910004,333.75,333.75,3332200,-0.6371177779726511,328.12600105,293.6086506,1.5661216401257825,0.9936288222202735,False
2023-05-17,331.76001,341.380005,329.619995,339.959991,339.959991,3958800,1.860671460674168,328.96800085,294.17740052,1.4257275725605274,1.0186067146067417,False
2023-05-18,347.25,375.869995,346.369995,371.290009,371.290009,20925200,9.2157956316689,331.26500100000004,294.926750575,2.4595711017284234,1.092157956316689,False
2023-05-19,369.859985,369.98999,363.809998,365.359985,365.359985,7850900,-1.5971407407302518,333.1339997,295.61990052,2.511754051127664,0.9840285925926975,False
2023-05-22,365.359985,372.01001,362.5,363.01001,363.01001,5406400,-0.643194410028225,334.83350075000004,296.28540055,2.5259808524168648,0.9935680558997178,False
2023-05-23,360.23999,364.170013,354.309998,355.98999,355.98999,6866100,-1.933836480156581,336.50550085,296.931450505,2.524300038393492,0.9806616351984342,False
2023-05-24,356.929993,367.149994,356.630005,364.850006,364.850006,7973300,2.4888385204314467,338.69050145,297.58825051,2.550414022129702,1.0248883852043145,False
2023-05-25,359.609985,367.450012,357.420013,359.0,359.0,6263100,-1.603400275125666,340.34800114999996,298.23355050000004,2.592037457459797,0.9839659972487433,False
2023-05-26,361.100006,383.76001,356.0,378.880005,378.880005,9360400,5.537605849582161,342.79550174999997,298.90740052,2.8229085314370583,1.0553760584958216,False
2023-05-30,397.480011,405.109985,385.790009,392.980011,392.980011,10865000,3.721496466935492,346.23850254999996,299.65880059,2.8343864944244723,1.037214964669355,False
2023-05-31,391.890015,396.26001,388.910004,395.230011,395.230011,6988000,0.572548205257184,350.12250370000004,300.38845063,2.746271508488758,1.0057254820525718,False
2023-06-01,397.410004,407.519989,393.079987,403.130005,403.130005,7160100,1.9988345470050906,354.31400455000005,301.15855065,2.749155230326141,1.019988345470051,False
2023-06-02,402.890015,406.579987,395.899994,400.470001,400.470001,5897300,-0.6598377612700768,358.29850465,301.932450645,2.7764880791598956,0.9934016223872992,False
2023-06-05,400.470001,413.859985,400.149994,403.540009,403.540009,7247400,0.766601241624576,362.3375046,302.74440072,2.775177486484281,1.0076660124162458,False
2023-06-06,405.0,405.119995,396.929993,399.290009,399.290009,4991500,-1.0531793391519662,365.7415055,303.51500077500003,2.7948989536591644,0.9894682066084803,False
2023-06-07,410.429993,418.950012,399.230011,399.769989,399.769989,11932400,0.12020836714699001,369.12300419999997,304.3080507,2.7972277010139672,1.00120208367147,False
2023-06-08,399.769989,409.540009,396.339996,409.369995,409.369995,5991100,2.401382360895532,372.8205033,305.22220071000004,2.815582578981492,1.0240138236089553,False
2023-06-09,424.5,425.899994,414.76001,420.019989,420.019989,12363000,2.6015570584258407,376.58350225,306.19955064,2.80989773645751,1.0260155705842584,False
2023-06-12,418.829987,424.700012,416.570007,423.970001,423.970001,5959500,0.9404342896642603,380.78750155,307.17135063999996,2.750956095700457,1.0094043428966426,False
2023-06-13,430.01001,437.269989,428.399994,435.730011,435.730011,7820500,2.7737835158766266,385.77950135000003,308.180100715,2.717008177690176,1.0277378351587663,False
2023-06-14,434.98999,447.329987,433.5,440.859985,440.859985,8413100,1.1773285912133336,391.13500059999996,309.268000645,2.6773938486434106,1.0117732859121333,False
2023-06-15,444.100006,448.649994,439.5,445.269989,445.269989,7099900,1.0003185024832772,396.4005005,310.371500555,2.677094834640659,1.0100031850248328,False
2023-06-16,446.149994,447.51001,430.899994,431.959991,431.959991,8745500,-2.989197190201831,399.4339996,311.42805053999996,2.136007164125315,0.9701080280979817,False
2023-06-20,430.179993,440.0,430.0,434.700012,434.700012,4756000,0.634322867184256,402.90100094999997,312.48375061,2.0622514254387085,1.0063432286718426,False
2023-06-21,432.649994,434.549988,422.540009,424.450012,424.450012,5146400,-2.357947945030192,405.97300105,313.455800705,2.1626643147369005,0.9764205205496981,False
2023-06-22,422.929993,424.709991,418.679993,422.480011,422.480011,4869500,-0.46413027313096933,409.2975021,314.437650755,2.08832748342437,0.9953586972686903,False
2023-06-23,418.589996,425.820007,417.730011,424.019989,424.019989,8293900,0.3645090796970285,412.25600125,315.465800705,2.055985616059737,1.0036450907969703,False
2023-06-26,422.440002,430.959991,414.899994,415.940002,415.940002,4640000,-1.9055674754993701,415.10300135,316.40070068,2.0753952394503457,0.9809443252450063,False
2023-06-27,417.390015,420.880005,411.5,417.079987,417.079987,4818100,0.27407438441087173,417.01300045,317.348900605,1.7449694178283282,1.0027407438441087,False
2023-06-28,423.100006,437.290009,422.890015,429.839996,429.839996,8811300,3.0593673630281204,418.85599970000004,318.33025055,1.6858293012917829,1.0305936736302812,False
2023-06-29,434.329987,437.850006,426.149994,428.23999,428.23999,4932300,-0.37223292734257507,420.50649864999997,319.288800505,1.6957987913676045,0.9962776707265742,False
2023-06-30,431.100006,444.119995,431.100006,440.48999,440.48999,7342000,2.8605455553088355,422.3744979,320.40060043,1.7482781790906512,1.0286054555530884,False
2023-07-03,439.76001,441.549988,431.619995,441.440002,441.440002,3733200,0.2156716432988759,424.42299794999997,321.487200465,1.7296609155437972,1.0021567164329888,False
2023-07-05,444.910004,450.970001,439.619995,445.899994,445.899994,6869500,1.0103280128201941,426.54099720000005,322.53980041,1.732476670604146,1.010103280128202,False
2023-07-06,440.0,442.799988,430.720001,438.839996,438.839996,4938800,-1.5833142173130477,428.51849654999995,323.533350365,1.7615374605382361,0.9841668578268695,False
2023-07-07,438.600006,442.329987,435.839996,438.100006,438.100006,4160100,-0.1686241014367318,430.4349974,324.50570037,1.7658906389422593,0.9983137589856327,False
2023-07-10,438.519989,444.410004,436.820007,441.709991,441.709991,4251700,0.8240093473087073,432.0519972,325.500000295,1.709588406925315,1.008240093473087,False
2023-07-11,438.649994,440.799988,431.040009,440.209991,440.209991,4574600,-0.3395893302309272,433.06149730000004,326.516700275,1.6346248095255895,0.9966041066976907,False
2023-07-12,444.549988,445.410004,437.75,444.049988,444.049988,5731700,0.872310278845978,434.06549664999994,327.5517002,1.6331756740159944,1.0087231027884598,False
2023-07-13,447.0,451.670013,441.179993,450.380005,450.380005,6157500,1.4255190116118088,434.79799635,328.671550205,1.5489230362503512,1.014255190116118,False
2023-07-14,452.790009,456.480011,439.700012,441.910004,441.910004,7184900,-1.8806343323345298,434.85049730000003,329.76075019,1.5952071436829307,0.9811936566766547,False
2023-07-17,445.570007,456.679993,445.109985,450.049988,450.049988,6891700,1.8420003906496785,435.08949725,330.889200125,1.6329753117462513,1.0184200039064968,False
2023-07-18,451.0,478.149994,448.779999,474.799988,474.799988,13196900,5.499389103416674,437.23149709999996,332.03720008000005,1.8813354148763655,1.0549938910341667,False
2023-07-19,476.859985,485.0,470.0,477.589996,477.589996,20996500,0.5876175380189697,439.37599629999994,333.226600025,1.8811764751405988,1.0058761753801897,False
2023-07-20,447.0,448.5,432.0,437.420013,437.420013,23989700,-8.410976640306345,440.02449635000005,334.23650008,2.6803385447052817,0.9158902335969366,False
2023-07-21,437.369995,438.23999,423.190002,427.5,427.5,17303700,-2.267846167340315,440.27549580000004,335.178800115,2.733171929031605,0.9773215383265969,False
2023-07-24,425.0,428.640015,419.190002,428.369995,428.369995,8264400,0.2035076023391813,440.49299609999997,336.11695006499997,2.7325744110069277,1.0020350760233918,False
2023-07-25,427.179993,430.880005,426.130005,427.700012,427.700012,4859800,-0.15640287784395301,441.0809966,337.071800145,2.6931420177862235,0.9984359712215605,False
2023-07-26,424.200012,425.26001,415.589996,422.670013,422.670013,6009200,-1.1760577177631792,441.3604979,337.98505019000004,2.70979603015991,0.9882394228223682,False
2023-07-27,426.899994,427.519989,411.880005,413.170013,413.170013,6594500,-2.2476162745900807,440.5269987500001,338.927150255,2.6644422910554635,0.9775238372540992,False
2023-07-28,415.559998,427.470001,413.76001,425.779999,425.779999,6424200,3.052009004341749,440.4039992,339.90615027,2.758650080329223,1.0305200900434175,False
2023-07-31,426.51001,439.130005,426.299988,438.970001,438.970001,6587600,3.097844433974939,440.32799975000006,341.02955031,2.7720419814372503,1.0309784443397494,False
2023-08-01,437.369995,445.25,431.399994,438.619995,438.619995,5711500,-0.07973346679788218,440.1869994,342.11830031,2.7717312572682307,0.9992026653320212,False
2023-08-02,435.230011,435.559998,426.559998,429.700012,429.700012,4912200,-2.0336471436966708,439.37700029999996,343.10425039500007,2.797090931828742,0.9796635285630333,False
2023-08-03,427.799988,441.929993,427.190002,431.0,431.0,6243900,0.30253385238443453,438.98500049999996,344.10925039500006,2.7778441220980024,1.0030253385238443,False
2023-08-04,433.059998,436.5,426.269989,431.600006,431.600006,5439700,0.1392125290023305,438.6600005,345.041750395,2.7780209459547276,1.0013921252900233,False
2023-08-07,436.459991,441.109985,428.910004,440.76001,440.76001,4781300,2.1223363931093253,438.61250144999997,346.04125044,2.814142587654868,1.0212233639310933,False
2023-08-08,440.359985,443.570007,435.100006,438.299988,438.299988,3767200,-0.5581318504825461,438.5170013,346.870850355,2.8160669888947294,0.9944186814951745,False
2023-08-09,439.73999,440.619995,427.589996,428.899994,428.899994,3846600,-2.144648473045363,437.7595016,347.674550305,2.8484386997681805,0.9785535152695464,False
2023-08-10,431.119995,438.119995,428.690002,429.980011,429.980011,5467600,0.2518109151570691,436.73950189999994,348.37660032499997,2.82662055301688,1.0025181091515707,False
2023-08-11,428.980011,430.630005,421.329987,421.660004,421.660004,3925200,-1.9349752981889123,435.72700190000006,349.072650285,2.828353862558547,0.9806502470181109,False
2023-08-14,421.98999,428.850006,418.779999,427.779999,427.779999,3966000,1.45140514678741,434.61350244999994,349.75645033500007,2.81486016345371,1.014514051467874,False
2023-08-15,424.410004,429.119995,421.040009,423.700012,423.700012,3368000,-0.9537582424464786,432.05850365000003,350.38185042000003,2.474641424690355,0.9904624175755352,False
2023-08-16,423.730011,424.51001,415.25,415.450012,415.450012,3967000,-1.947132349857006,428.95150445,350.97440047000003,2.478875818186762,0.9805286765014299,False
2023-08-17,415.0,415.23999,401.579987,403.0,403.0,6031500,-2.9967533133685498,427.23050380000006,351.51080046500005,1.7876423747776229,0.9700324668663145,False
2023-08-18,399.329987,406.519989,398.149994,404.529999,404.529999,4309200,0.3796523573200927,426.08200374999996,352.07405043499995,1.7389253864770557,1.003796523573201,False
2023-08-21,402.230011,409.609985,399.5,408.290009,408.290009,3861600,0.9294761845338506,425.07800445000004,352.68175047999995,1.7566281027023587,1.0092947618453385,False
2023-08-22,409.0,415.73999,407.399994,413.170013,413.170013,3603300,1.195229834781486,424.35150450000003,353.38260054499995,1.7851795340684466,1.0119522983478149,False
2023-08-23,418.399994,437.019989,417.709991,427.549988,427.549988,8174700,3.4804014201291977,424.59550325,354.17505049499994,1.942104515974039,1.034804014201292,False
2023-08-24,425.410004,427.589996,406.170013,406.929993,406.929993,5687800,-4.822826705353567,424.28350225,354.905750415,2.1755534577760836,0.9517717329464643,False
2023-08-25,412.0,419.25,407.559998,416.029999,416.029999,5390900,2.2362583629956134,423.79600224999996,355.69290037999997,2.1212357834851927,1.0223625836299561,False
2023-08-28,418.040009,419.829987,413.269989,418.059998,418.059998,2928600,0.48794534165312875,422.7505021,356.465900415,1.9907942525287954,1.0048794534165313,False
2023-08-29,416.0,432.170013,414.5,429.98999,429.98999,4486700,2.8536554698065153,422.31900185000006,357.342550345,2.1067234016223666,1.0285365546980652,False
2023-08-30,430.850006,438.160004,428.350006,434.670013,434.670013,3625400,1.0884027788646833,422.5675019,358.141050405,2.06953563024483,1.0108840277886468,False
2023-08-31,431.230011,437.149994,431.230011,433.679993,433.679993,3803000,-0.22776358395810714,422.70150155,358.8588003450001,2.069904611654466,0.9977223641604189,False
2023-09-01,437.730011,445.5,435.929993,439.880005,439.880005,4792100,1.4296283204376259,423.11550150000005,359.561850425,2.0927683587689256,1.0142962832043763,False
2023-09-05,438.390015,453.450012,438.0,448.679993,448.679993,6155900,2.0005428525899926,423.51150065,360.25425033,2.0867916146196075,1.0200054285259,False
2023-09-06,448.609985,451.390015,440.48999,445.76001,445.76001,3862300,-0.6507941173120257,423.88450174999997,360.95295043500005,2.0884550972362037,0.9934920588268797,False
2023-09-07,441.149994,444.600006,436.700012,443.140015,443.140015,2922700,-0.5877590948546563,424.59650279999994,361.69225051499996,2.028327734454826,0.9941224090514534,False
2023-09-08,443.559998,446.809998,438.850006,442.799988,442.799988,2697500,-0.07673127871334895,425.23750165,362.4663504,2.029072511825984,0.9992326872128665,False
2023-09-11,443.070007,449.890015,442.75,445.359985,445.359985,2913800,0.5781384528854128,426.4225007,363.267900385,1.968996528477258,1.0057813845288541,False
2023-09-12,442.850006,445.440002,434.119995,434.690002,434.690002,3124000,-2.395810885434624,426.76800084999996,364.007900385,2.036571288029297,0.9760418911456538,False
2023-09-13,435.5,438.399994,410.690002,412.23999,412.23999,11843000,-5.164602796638517,426.19499974999997,364.61160033500005,2.3454761154309427,0.9483539720336148,False
2023-09-14,410.399994,411.390015,400.0,400.48999,400.48999,10709000,-2.8502814586231717,425.44699865,365.18635024,2.3909503723423775,0.9714971854137683,False
2023-09-15,401.0,404.700012,395.029999,396.940002,396.940002,9110700,-0.8864111684788845,425.14399875,365.76520018499997,2.303954334603256,0.9911358883152112,False
2023-09-18,395.5,399.470001,392.600006,394.399994,394.399994,4704700,-0.6398972104605383,424.63749850000005,366.3324002,2.3052221875003833,0.9936010278953946,False
2023-09-19,392.839996,398.230011,390.25,396.200012,396.200012,4076800,0.4563940231703034,424.03299864999997,366.78575026500005,2.296500800215949,1.004563940231703,False
2023-09-20,397.049988,397.98999,386.119995,386.299988,386.299988,3866600,-2.4987439929709088,422.6894974,367.132500145,2.3330030094885834,0.9750125600702909,False
2023-09-21,386.5,395.899994,383.420013,384.149994,384.149994,5547900,-0.5565607214049417,420.5194977,367.45120009499993,2.1557498122937693,0.9944343927859506,False
2023-09-22,385.0,386.880005,378.359985,379.809998,379.809998,3692800,-1.1297659944776606,419.16349794999996,367.78730010500004,1.9113186436414176,0.9887023400552234,False
2023-09-25,382.899994,386.619995,380.809998,384.799988,384.799988,3757300,1.313812176160778,417.60199739999996,368.183500055,1.8565616921664543,1.0131381217616078,False
2023-09-26,382.880005,384.559998,377.359985,379.25,379.25,4089400,-1.4423046187828858,415.66149750000005,368.53764999,1.8596286130088664,0.9855769538121711,False
2023-09-27,382.399994,384.220001,376.25,377.589996,377.589996,3843500,-0.4377070533948646,413.0414978,368.87429992,1.6877762383158286,0.9956229294660514,False
2023-09-28,375.600006,378.959991,371.100006,376.359985,376.359985,4369900,-0.3257530689451782,410.12599639999996,369.156049795,1.640792320735607,0.9967424693105482,False
2023-09-29,380.0,382.579987,375.350006,377.600006,377.600006,4198700,0.3294773752315905,407.32199705000005,369.46814986,1.653994005235441,1.003294773752316,False
2023-10-02,377.480011,384.809998,376.799988,380.329987,380.329987,3102100,0.7229822448678647,404.34449615,369.768099815,1.6136860600513196,1.0072298224486786,False
2023-10-03,377.109985,394.899994,372.850006,376.75,376.75,8878100,-0.9412844430802147,400.7479965,370.06269988,1.4821235472553653,0.9905871555691979,False
2023-10-04,376.5,380.220001,373.579987,376.899994,376.899994,4303700,0.0398126078301253,397.30499569999995,370.49514983,1.4952209901516882,1.0003981260783013,False
2023-10-05,378.01001,378.600006,367.23999,372.589996,372.589996,5034800,-1.143538887931106,393.77749475,370.904549855,1.4957511546016526,0.9885646111206889,False
2023-10-06,368.429993,382.519989,367.769989,381.51001,381.51001,4773400,2.394056226888086,390.71299585,371.370599965,1.6565806133536372,1.0239405622688809,False
2023-10-09,378.049988,387.170013,377.76001,385.950012,385.950012,3299800,1.1637969866111764,387.7424972,371.859400015,1.6858190134995625,1.0116379698661118,False
2023-10-10,385.579987,388.700012,372.25,373.320007,373.320007,7288900,-3.2724458109357535,384.67399745,372.236200095,1.7426791224374818,0.9672755418906425,False
2023-10-11,372.779999,377.809998,365.339996,365.929993,365.929993,9151400,-1.9795386964085115,382.3584976,372.57710006,1.4359255320554103,0.9802046130359149,False
2023-10-12,366.480011,368.829987,359.049988,361.200012,361.200012,7376100,-1.2925917772474094,380.3939987,372.908300165,1.3459709676384777,0.9870740822275259,False
2023-10-13,355.640015,358.929993,352.049988,355.679993,355.679993,6312600,-1.5282444121291983,378.33099825000005,373.265850065,1.3630537283298687,0.984717555878708,False
2023-10-16,356.209991,363.079987,354.769989,360.820007,360.820007,5119100,1.4451231728403569,376.65199889999997,373.685550075,1.4328312099139537,1.0144512317284036,False
